img,qf_1,qf_2
r146771d7t.jpg,60,55
r1e3303ebt.jpg,90,50
r1a2095b2t.jpg,50,60
r15dfc1b8t.jpg,100,55
r02897203t.jpg,50,100
r1d1cf607t.jpg,75,95
r1d527f65t.jpg,70,100
r0fb0a690t.jpg,100,50
r18d72ab2t.jpg,85,70
r0ce35df8t.jpg,60,85
r061e2ecft.jpg,55,90
r0fdfc4f0t.jpg,65,75
r133bb357t.jpg,95,95
r0fd69c12t.jpg,80,75
r121f7893t.jpg,95,70
r1023c21et.jpg,65,90
r0bc0e549t.jpg,80,50
r1bc23d6et.jpg,60,70
r1900f7c7t.jpg,65,50
r0bc7d0eet.jpg,85,80
r07ece355t.jpg,55,100
r116825e2t.jpg,50,90
r00b3931bt.jpg,85,55
r03aa5df1t.jpg,80,85
r0d8d62edt.jpg,75,100
r1a9783cdt.jpg,85,80
r053d2196t.jpg,85,60
r008ed083t.jpg,60,75
r07c47354t.jpg,55,70
r1ab1679et.jpg,75,100
r0b0e2ba5t.jpg,85,95
r13dab3c7t.jpg,75,90
r1d3bc675t.jpg,75,75
r01a31693t.jpg,60,75
r0f5beb66t.jpg,95,60
r0b5b85d0t.jpg,55,85
r17754c77t.jpg,60,70
r1618da9dt.jpg,65,60
r110b4219t.jpg,80,65
r110f894ft.jpg,65,90
r1c402787t.jpg,80,75
r145221d9t.jpg,60,55
r01511e3et.jpg,90,80
r1bdb6385t.jpg,55,55
r1ef15cb3t.jpg,55,50
r1a7bb1d6t.jpg,95,85
r088dcebft.jpg,60,75
r06cad2d6t.jpg,95,75
r1ca0784dt.jpg,75,50
r1db5be20t.jpg,75,95
r129f24bet.jpg,70,50
r1bc3dd23t.jpg,60,85
r108ba35et.jpg,65,100
r0f8e5907t.jpg,85,85
r1c2ac865t.jpg,85,50
r1cfe520bt.jpg,60,50
r028896d3t.jpg,75,85
r1828d94at.jpg,65,50
r0c5e9567t.jpg,50,60
r0c9910e4t.jpg,60,100
r13a9002bt.jpg,95,55
r113ee9edt.jpg,95,60
r0b5a3035t.jpg,55,90
r09f764ect.jpg,65,80
r11a4e1cbt.jpg,95,90
r09d5cb41t.jpg,95,70
r0150031ft.jpg,50,70
r000da54ft.jpg,85,50
r006fcc20t.jpg,85,100
r02f1ba48t.jpg,95,55
r12cbfb1et.jpg,80,95
r0deb6dadt.jpg,95,70
r031917act.jpg,90,85
r069e346et.jpg,75,65
r14bfe6f4t.jpg,75,85
r0bc1a779t.jpg,55,95
r082626aft.jpg,95,95
r04e7644dt.jpg,70,55
r05243256t.jpg,75,65
r1e9082f9t.jpg,85,65
r195a5f44t.jpg,60,50
r050e1024t.jpg,90,80
r084889d5t.jpg,50,90
r11c4de0et.jpg,70,80
r0487f5cet.jpg,50,70
r1419078bt.jpg,85,55
r16d6c35dt.jpg,100,50
r0b13d2a2t.jpg,85,80
r063d8a61t.jpg,60,80
r0fbd0c71t.jpg,85,50
r115e2464t.jpg,70,65
r123ca9b3t.jpg,50,55
r18798194t.jpg,60,95
r1f23f4ddt.jpg,60,80
r0941aa38t.jpg,70,80
r06836fdat.jpg,100,85
r0450c4c0t.jpg,100,60
r1d9a31fct.jpg,80,95
r0c764979t.jpg,90,75
r037a250ft.jpg,90,55
r03f41fdct.jpg,55,95
r07c51648t.jpg,85,95
r0b3979d0t.jpg,60,95
r07b99141t.jpg,95,65
r16422663t.jpg,65,85
r062b9259t.jpg,95,55
r1bc3a653t.jpg,50,75
r1de76a54t.jpg,50,85
r065472d8t.jpg,70,85
r015b453ft.jpg,50,65
r01a5f38at.jpg,85,65
r12c5f70bt.jpg,65,85
r0fbb5bc1t.jpg,70,50
r17228bbdt.jpg,65,95
r13a5bb6bt.jpg,55,65
r0a808003t.jpg,90,60
r14a51689t.jpg,95,65
r1c23e440t.jpg,65,60
r0ed844b5t.jpg,65,95
r0eab8214t.jpg,85,75
r103a4f26t.jpg,55,90
r0191aaf4t.jpg,95,95
r0701ca45t.jpg,60,65
r129f09b4t.jpg,80,90
r0cde6159t.jpg,60,85
r113b7fb4t.jpg,100,95
r0b99ac3ct.jpg,85,80
r0fbe1b0ft.jpg,75,65
r059cae86t.jpg,50,55
r0bbd0b0et.jpg,80,90
r0428df0ct.jpg,50,100
r03c8ddcft.jpg,80,70
r1cc04f4ft.jpg,80,95
r0676c50at.jpg,85,100
r1a2d8b02t.jpg,55,70
r179ed8d7t.jpg,75,55
r0a94587ft.jpg,75,55
r012b0f30t.jpg,50,85
r09c15af7t.jpg,65,80
r0f98115dt.jpg,75,75
r018ba134t.jpg,100,80
r11e134c7t.jpg,60,65
r0225b88bt.jpg,65,90
r0f71782et.jpg,70,90
r0667a51ft.jpg,70,65
r0d0ff4c2t.jpg,50,55
r1c146589t.jpg,65,75
r13c85634t.jpg,85,85
r16d46fa3t.jpg,65,90
r1b32a6bct.jpg,80,55
r17afaaa1t.jpg,50,65
r09dc6407t.jpg,55,100
r1a7b8c42t.jpg,75,65
r087a13a6t.jpg,85,95
r0809811bt.jpg,85,85
r1ea13eb4t.jpg,90,70
r04851bf9t.jpg,65,85
r0b0cd69et.jpg,90,75
r0c3a8ea0t.jpg,75,50
r131a8f7et.jpg,85,90
r1a5903fct.jpg,85,75
r052df821t.jpg,70,50
r1645a09ct.jpg,85,85
r1c09b002t.jpg,50,100
r1cd8d9a4t.jpg,70,65
r13c19caft.jpg,95,75
r07e35007t.jpg,85,75
r0b665b37t.jpg,80,95
r0fbf62f8t.jpg,70,55
r1717ae55t.jpg,50,90
r1f48d12dt.jpg,55,85
r1c070921t.jpg,60,95
r05f3f6a5t.jpg,90,70
r177fb9f1t.jpg,80,50
r1c9fdcf4t.jpg,70,80
r10940798t.jpg,95,55
r125034a9t.jpg,80,65
r0d203f37t.jpg,55,95
r16da5576t.jpg,85,80
r03193652t.jpg,65,80
r1344c943t.jpg,85,100
r1dd998dft.jpg,55,80
r101af5b4t.jpg,55,65
r0db31c3ft.jpg,65,60
r14dd8f91t.jpg,70,80
r141e4467t.jpg,80,95
r13837601t.jpg,75,90
r14ca1259t.jpg,75,90
r1a8ee526t.jpg,100,75
r059ce7d0t.jpg,55,85
r0c03e364t.jpg,100,75
r16192cf0t.jpg,75,95
r193b12aet.jpg,70,70
r133c5a52t.jpg,55,55
r16dca6f2t.jpg,80,60
r0de97473t.jpg,100,85
r0355b2d5t.jpg,90,65
r0cd4ffb0t.jpg,85,90
r07df029bt.jpg,60,95
r0f6250d2t.jpg,80,55
r0b07b945t.jpg,95,75
r0a10fe29t.jpg,65,95
r19d92967t.jpg,80,100
r171eeaf8t.jpg,85,90
r0fe270aet.jpg,90,100
r0e5b5159t.jpg,80,50
r0a2ff882t.jpg,55,100
r13073518t.jpg,75,100
r097d3563t.jpg,90,95
r1a57cb29t.jpg,90,80
r042d7b17t.jpg,95,55
r187df69ft.jpg,95,65
r096982ddt.jpg,65,85
r1a1d24b2t.jpg,80,95
r0f86049ct.jpg,55,85
r1b8b1b14t.jpg,50,55
r08b05c94t.jpg,90,50
r017904f0t.jpg,65,85
r1f16e2abt.jpg,60,70
r07e242b7t.jpg,75,50
r036e2a9at.jpg,75,50
r1f40decct.jpg,95,70
r00c4a543t.jpg,80,60
r0ba4c4c0t.jpg,95,60
r1b09da9ct.jpg,50,90
r022af74ct.jpg,75,50
r17217693t.jpg,65,65
r1a7feb2bt.jpg,80,65
r15a0b476t.jpg,90,95
r001d260dt.jpg,55,50
r03640e97t.jpg,75,60
r072d955bt.jpg,55,90
r0d796d4ft.jpg,65,65
r1d00d8ect.jpg,95,55
r0ed16e26t.jpg,50,85
r0f91360ct.jpg,75,55
r171d73aat.jpg,80,55
r1077d1f2t.jpg,65,60
r0f979863t.jpg,90,95
r01170470t.jpg,70,90
r194c49f5t.jpg,65,90
r13907965t.jpg,60,60
r0cfedd72t.jpg,75,70
r04eb0d0ft.jpg,55,50
r1426cde6t.jpg,60,80
r042d5308t.jpg,90,65
r0515a051t.jpg,85,85
r0b82ae9bt.jpg,50,95
r0a54ed98t.jpg,90,100
r1234de87t.jpg,50,90
r0703243bt.jpg,50,50
r134ba6abt.jpg,85,60
r01292fd8t.jpg,55,70
r01291f20t.jpg,85,90
r1570dd6at.jpg,50,50
r061433aft.jpg,65,50
r0438eb97t.jpg,90,55
r1be4943bt.jpg,95,70
r127608abt.jpg,80,80
r06e1a520t.jpg,80,55
r01559391t.jpg,75,90
r144e095dt.jpg,60,100
r05db7e7ft.jpg,95,100
r1e3b4cdft.jpg,55,55
r0985dc6ct.jpg,100,100
r0c6cf00bt.jpg,75,60
r185929e9t.jpg,85,70
r180a7062t.jpg,95,60
r1c5ec853t.jpg,65,95
r1ebee709t.jpg,60,90
r0d0ff43at.jpg,75,65
r1c874ac4t.jpg,80,50
r0a776764t.jpg,80,75
r09d7cd4et.jpg,60,80
r094ced7bt.jpg,55,65
r142335f0t.jpg,100,60
r0f36ba1bt.jpg,90,60
r1b2765ebt.jpg,65,50
r03f70ccdt.jpg,50,75
r040bf4a5t.jpg,75,50
r1d431afft.jpg,70,50
r1c4deb71t.jpg,100,100
r1f3e6681t.jpg,90,95
r0356ea60t.jpg,90,85
r1a7346d0t.jpg,85,60
r107730b5t.jpg,100,50
r04395e54t.jpg,85,80
r13fccd2ft.jpg,90,50
r0b03e77at.jpg,60,80
r1baf2ce0t.jpg,60,95
r159d3942t.jpg,60,55
r038922cbt.jpg,80,65
r0aaa70c3t.jpg,100,75
r1ab0bb20t.jpg,55,70
r137bcd7at.jpg,75,65
r1db1c478t.jpg,70,70
r1dd9d6bft.jpg,70,85
r115c449dt.jpg,50,60
r16a02a12t.jpg,85,85
r02513d19t.jpg,80,55
r1c243af7t.jpg,90,70
r17c76042t.jpg,80,50
r01cf60c7t.jpg,100,80
r0176fbcat.jpg,75,75
r12daa983t.jpg,75,75
r04108c64t.jpg,70,50
r198ae140t.jpg,65,100
r1b177fe1t.jpg,50,75
r06888d38t.jpg,55,85
r0200a7a6t.jpg,80,95
r08079988t.jpg,85,55
r05ac4560t.jpg,70,60
r1d16ad1et.jpg,85,60
r0b61ed37t.jpg,70,55
r026cedb7t.jpg,95,100
r1e14f45ct.jpg,55,80
r00679daet.jpg,55,55
r165355c0t.jpg,70,70
r1a0968bft.jpg,50,90
r1301676dt.jpg,60,95
r113402d4t.jpg,95,85
r08276bf9t.jpg,70,70
r1a11b3c0t.jpg,85,90
r1ead3024t.jpg,50,80
r1c4ae120t.jpg,80,65
r04aceb4et.jpg,55,50
r1ea8ccbbt.jpg,65,70
r1be2a3d5t.jpg,75,55
r12ed2816t.jpg,55,75
r08788547t.jpg,75,65
r0dd60980t.jpg,90,100
r0fe7b1c6t.jpg,50,70
r1bfbaab3t.jpg,50,50
r01058910t.jpg,75,95
r0fae3dbdt.jpg,80,75
r1ca2ef38t.jpg,50,55
r0eba1984t.jpg,90,65
r072649fdt.jpg,85,80
r07f22efdt.jpg,65,55
r1322c4d6t.jpg,65,80
r0eb9e900t.jpg,70,85
r08996953t.jpg,65,70
r041c02cat.jpg,65,85
r0eb07be3t.jpg,80,80
r1bc4e4act.jpg,70,60
r1eff17eft.jpg,90,90
r026b5360t.jpg,50,50
r0603031et.jpg,55,70
r03d2a758t.jpg,90,80
r08df6903t.jpg,85,95
r0141f0c9t.jpg,75,95
r1b6c1adbt.jpg,80,60
r1bf4e594t.jpg,55,95
r18d866e1t.jpg,95,55
r1d93553ct.jpg,70,50
r048c50d0t.jpg,95,60
r12f3bbfat.jpg,70,60
r0e1a6e2ft.jpg,65,50
r0eedd456t.jpg,50,60
r184f08dat.jpg,100,65
r01474187t.jpg,90,75
r08cbbab9t.jpg,65,75
r1904147dt.jpg,85,55
r02354285t.jpg,85,55
r04989a70t.jpg,100,70
r1b790721t.jpg,100,55
r1c6377bat.jpg,80,90
r0ab7202ft.jpg,50,85
r06bfc92at.jpg,85,50
r0ed019a4t.jpg,65,95
r0fa077bet.jpg,85,55
r0a19cb85t.jpg,85,95
r0a9384b1t.jpg,85,80
r0d280006t.jpg,55,75
r04cfa379t.jpg,80,55
r15919202t.jpg,95,50
r02b3a1ddt.jpg,95,90
r19fe3107t.jpg,95,90
r116ce066t.jpg,80,100
r09c8e042t.jpg,50,70
r1580c37ft.jpg,100,65
r027a692ft.jpg,85,50
r021429abt.jpg,60,50
r08abaa78t.jpg,70,95
r0284aa1at.jpg,95,55
r0527f7e6t.jpg,60,50
r098a8a22t.jpg,90,65
r1dc4077at.jpg,95,80
r13bb381ct.jpg,70,55
r04317453t.jpg,55,65
r0518cf5dt.jpg,75,75
r18e0516bt.jpg,75,85
r0e965ba7t.jpg,70,60
r175da907t.jpg,65,55
r0a0852c6t.jpg,70,100
r018e74fet.jpg,100,65
r09d50960t.jpg,100,55
r1ae12b3ft.jpg,65,75
r1c83ec1dt.jpg,100,100
r10ab8058t.jpg,100,95
r1218b33at.jpg,100,100
r1ad3fa6dt.jpg,50,85
r056daad2t.jpg,50,95
r1ec70fd3t.jpg,75,90
r1915909et.jpg,90,80
r0b76b82ft.jpg,75,50
r1d9eaf70t.jpg,70,70
r0250eb80t.jpg,100,75
r056c0ee6t.jpg,75,80
r1e8acc5ct.jpg,75,65
r13a16a0at.jpg,55,60
r15dcfacct.jpg,95,95
r0db6cc31t.jpg,70,80
r09245347t.jpg,90,70
r191488c6t.jpg,75,70
r135df877t.jpg,75,80
r0c8f3ce5t.jpg,90,85
r1cad9823t.jpg,65,90
r104153eat.jpg,50,95
r1ceba29dt.jpg,95,50
r17f60607t.jpg,90,90
r0f3f14cbt.jpg,95,75
r12cf98bet.jpg,100,55
r1c56a2bct.jpg,85,50
r1a7e4791t.jpg,85,85
r1ca254b2t.jpg,65,65
r1de108dft.jpg,100,60
r1a170ddbt.jpg,70,85
r14902ba4t.jpg,50,70
r06b161adt.jpg,60,85
r0b591bc3t.jpg,50,70
r165fbf4ft.jpg,100,70
r0b50b69ct.jpg,75,80
r11e26097t.jpg,50,75
r18fafe10t.jpg,50,70
r052e9174t.jpg,50,100
r1dea56e5t.jpg,80,75
r1f5ad4e0t.jpg,85,60
r182ed662t.jpg,60,80
r1824034et.jpg,65,50
r05839451t.jpg,75,85
r0648cff8t.jpg,65,75
r02d732f8t.jpg,50,95
r15885978t.jpg,65,85
r02f5c155t.jpg,95,80
r13b5b161t.jpg,75,90
r1a9acd94t.jpg,55,85
r1011a436t.jpg,90,100
r0c0d0adct.jpg,55,95
r05772356t.jpg,55,80
r0adac68bt.jpg,65,60
r141669e5t.jpg,75,55
r0b17fd57t.jpg,100,85
r180bcbd7t.jpg,65,100
r1f4f8a51t.jpg,100,100
r1c99500bt.jpg,50,65
r12d4cabat.jpg,100,80
r1461e2d7t.jpg,50,95
r14289905t.jpg,50,100
r06aa7dabt.jpg,90,70
r049f471dt.jpg,75,95
r083ca67ct.jpg,85,70
r1b9e9917t.jpg,70,90
r0f5475b5t.jpg,90,85
r0ebdd2d2t.jpg,55,65
r0b42926ct.jpg,90,100
r1882b6e6t.jpg,65,75
r1e9ae164t.jpg,70,80
r0dd7b354t.jpg,75,75
r0a8e5f8at.jpg,90,90
r150058a4t.jpg,90,85
r08873591t.jpg,55,100
r089cae91t.jpg,90,95
r09445479t.jpg,65,80
r1e69b067t.jpg,50,70
r1ef8b85ft.jpg,55,90
r13f26c35t.jpg,80,65
r1df374c1t.jpg,60,100
r03389e9bt.jpg,80,55
r163317d6t.jpg,100,75
r0a18e454t.jpg,70,95
r1ca6cc12t.jpg,90,95
r1594b4b3t.jpg,60,70
r1b547547t.jpg,75,90
r097555c4t.jpg,65,100
r15d1c836t.jpg,50,70
r066ef803t.jpg,80,90
r02508493t.jpg,60,65
r03995a8ct.jpg,55,60
r062cab38t.jpg,95,75
r05d9d749t.jpg,80,60
r1f4a44a7t.jpg,55,90
r08d9a0cet.jpg,50,65
r19ba7288t.jpg,60,75
r085bdbe2t.jpg,95,55
r08b12799t.jpg,80,95
r125f6e84t.jpg,95,80
r1c31a90bt.jpg,60,55
r0708431at.jpg,75,100
r125442fat.jpg,75,85
r15499cd8t.jpg,65,75
r1da851e4t.jpg,100,60
r0f1a3f00t.jpg,55,60
r0db011b4t.jpg,60,80
r04160d64t.jpg,80,70
r12e170d4t.jpg,60,65
r1b262b72t.jpg,55,100
r0589558at.jpg,55,100
r18791531t.jpg,95,55
r1655a008t.jpg,90,95
r0314c3f9t.jpg,70,75
r1c717a46t.jpg,65,100
r144f25eet.jpg,100,100
r0f6d3b31t.jpg,50,80
r1a91c337t.jpg,75,80
r08414c5at.jpg,60,65
r1aef663et.jpg,85,75
r132d538et.jpg,75,95
r0cc5a33ct.jpg,50,65
r1639a65ct.jpg,100,90
r0ebb5ca2t.jpg,85,50
r0ae68527t.jpg,80,55
r0cea5432t.jpg,75,70
r173ee7e8t.jpg,95,50
r047aa954t.jpg,70,90
r0b7b1156t.jpg,75,85
r05a7750et.jpg,80,55
r1e367d35t.jpg,50,70
r040b3002t.jpg,65,100
r16ea6386t.jpg,60,95
r0c2fb2a1t.jpg,70,65
r19c9183at.jpg,60,50
r14c2d3fct.jpg,90,75
r0ebb0bb4t.jpg,65,50
r08c76321t.jpg,65,80
r142b504bt.jpg,100,100
r05f66e6dt.jpg,85,70
r05d59d7ct.jpg,75,80
r1b165d45t.jpg,90,85
r18ea00c8t.jpg,80,70
r03cef811t.jpg,65,70
r12638c95t.jpg,65,50
r1d47bfc2t.jpg,50,50
r192ae577t.jpg,60,75
r012d1dbet.jpg,80,70
r05bf2f53t.jpg,95,50
r0ac70243t.jpg,85,60
r1d679eaet.jpg,55,90
r110cc74ct.jpg,95,95
r1bc355f2t.jpg,55,90
r0149a21ct.jpg,75,90
r061db45ft.jpg,90,55
r0e63dd12t.jpg,100,90
r1ddc0c98t.jpg,55,85
r1aa7459at.jpg,50,95
r0eb8dfb5t.jpg,65,55
r19b49f2ct.jpg,100,100
r138ad247t.jpg,80,50
r0fc39b66t.jpg,90,75
r197770adt.jpg,100,70
r0faffef3t.jpg,95,80
r169a9b07t.jpg,85,55
r10944b31t.jpg,85,90
r1104e9e6t.jpg,55,75
r19924edft.jpg,95,55
r02059ab4t.jpg,55,65
r0c9e4ff8t.jpg,95,50
r0bc87c20t.jpg,55,90
r0f137652t.jpg,100,75
r0f2c63d2t.jpg,60,70
r1ad2de34t.jpg,50,75
r11850456t.jpg,95,55
r1ad9cd64t.jpg,70,95
r02189767t.jpg,60,50
r0207a52ct.jpg,55,55
r09a60f63t.jpg,50,80
r084a4ccet.jpg,90,60
r1743fb6bt.jpg,80,90
r1ee65904t.jpg,100,70
r18393aeet.jpg,100,55
r0b755540t.jpg,100,100
r1aa4cc99t.jpg,100,50
r18d1abact.jpg,100,90
r0fef53bft.jpg,60,55
r1bca2388t.jpg,100,95
r163967d4t.jpg,100,100
r0c32591dt.jpg,65,70
r039a851bt.jpg,75,80
r1a845144t.jpg,95,75
r04e818bat.jpg,55,100
r1468a9e1t.jpg,50,90
r19835fbft.jpg,55,50
r029afdb0t.jpg,90,95
r1c1e3ec9t.jpg,80,80
r1934e29ft.jpg,50,75
r1069cdabt.jpg,80,60
r01cbb7fdt.jpg,55,80
r169c7350t.jpg,80,90
r09b86185t.jpg,55,85
r01d0b83bt.jpg,85,55
r137f062ft.jpg,50,80
r13b45303t.jpg,75,55
r0e593c46t.jpg,95,100
r13c7e92dt.jpg,95,65
r05718fd6t.jpg,80,75
r1bddecd6t.jpg,75,100
r0f2e6baft.jpg,95,50
r0c925d34t.jpg,95,80
r0b4d8af5t.jpg,70,70
r11865f77t.jpg,75,75
r0c795771t.jpg,90,85
r056d6bebt.jpg,70,85
r0897d8aat.jpg,95,60
r1683028at.jpg,100,90
r1a28d44bt.jpg,90,80
r140f3432t.jpg,90,85
r05647b9at.jpg,60,50
r1e56884ft.jpg,50,90
r1b61c7b1t.jpg,60,65
r06a52b7bt.jpg,55,70
r0f38373ct.jpg,65,90
r0c1de5e1t.jpg,85,50
r0f4ece9bt.jpg,100,80
r11d981d2t.jpg,85,50
r0905697bt.jpg,60,95
r09851aa4t.jpg,65,80
r070a874ct.jpg,95,80
r077507cat.jpg,75,55
r0773471dt.jpg,70,65
r08307e1at.jpg,50,95
r141665bdt.jpg,95,100
r1aa63558t.jpg,65,85
r1b106abdt.jpg,50,90
r1cfc8ddat.jpg,80,70
r12c64de9t.jpg,80,90
r14c67ed2t.jpg,85,90
r1f2f31e2t.jpg,95,70
r0a966704t.jpg,75,80
r0b59fc2bt.jpg,60,70
r0b3220e1t.jpg,95,95
r083b7636t.jpg,60,55
r1f1178cet.jpg,70,60
r09488b39t.jpg,100,85
r10f888c2t.jpg,95,60
r094cf3c6t.jpg,55,90
r0a5d7cb6t.jpg,95,55
r16698b6et.jpg,95,50
r0a71c689t.jpg,70,75
r1d99d1f3t.jpg,80,50
r0c1f588dt.jpg,100,85
r01ef1b4at.jpg,75,60
r1e52a39dt.jpg,55,65
r1554cfadt.jpg,50,95
r108301e3t.jpg,85,85
r0b985828t.jpg,55,70
r1a9de6e9t.jpg,75,85
r0ab0a205t.jpg,95,95
r1cc0e4e1t.jpg,50,75
r07598392t.jpg,100,75
r1dbe1b11t.jpg,90,80
r1c9fc42at.jpg,75,90
r02210c2at.jpg,90,55
r081ad6a3t.jpg,75,90
r1f11809bt.jpg,100,100
r1d4377f7t.jpg,85,90
r101e18b6t.jpg,55,70
r0f8a1531t.jpg,55,65
r10893508t.jpg,50,90
r01d9da09t.jpg,75,60
r15028ceft.jpg,75,70
r142787e2t.jpg,75,50
r072421a1t.jpg,85,90
r033bb79dt.jpg,60,95
r154d7294t.jpg,70,65
r0a3c52a0t.jpg,95,95
r006b0e4bt.jpg,60,50
r1a4651edt.jpg,100,75
r0a42c0f6t.jpg,80,80
r179bb406t.jpg,55,95
r11b292cbt.jpg,70,85
r0a4ce555t.jpg,80,80
r1889220ft.jpg,70,95
r09a79474t.jpg,100,90
r11a7deb7t.jpg,65,90
r085a5f53t.jpg,55,55
r1866b73at.jpg,60,90
r1aa43470t.jpg,65,90
r1267fa5bt.jpg,70,70
r1c5a4928t.jpg,85,95
r12946364t.jpg,85,65
r08f2d4c6t.jpg,60,65
r169f694ft.jpg,100,80
r1810ba7at.jpg,75,55
r17b873bct.jpg,70,95
r198ea6a5t.jpg,75,90
r0e63ca9ft.jpg,80,95
r0e04cc91t.jpg,85,70
r0288b58ct.jpg,55,80
r075baf3ct.jpg,60,90
r1148801et.jpg,95,85
r195f12adt.jpg,75,80
r170632f5t.jpg,65,75
r07e594d6t.jpg,70,75
r170df29ct.jpg,50,55
r1d1d501et.jpg,90,100
r1bcfab73t.jpg,95,70
r1a8d7a86t.jpg,50,55
r145215fft.jpg,80,70
r09670876t.jpg,60,70
r08d2b4dat.jpg,90,50
r14556dabt.jpg,75,80
r1a8fe570t.jpg,60,55
r010cb248t.jpg,80,100
r0a779af2t.jpg,80,100
r019eb1cbt.jpg,80,75
r1cde4afbt.jpg,65,85
r00816405t.jpg,80,55
r1f2c2acft.jpg,75,70
r1b4e82c4t.jpg,95,80
r0e9b0485t.jpg,100,100
r102b4aa4t.jpg,80,55
r15eef8b9t.jpg,55,90
r065a0da9t.jpg,60,90
r02a21f6ct.jpg,90,100
r1661f358t.jpg,95,80
r07ffdc87t.jpg,50,95
r1a877849t.jpg,75,95
r0670f47ft.jpg,85,90
r07f99a1at.jpg,85,70
r0e35d1fct.jpg,60,70
r16654024t.jpg,50,55
r1372056ct.jpg,75,75
r1126b615t.jpg,100,85
r1f5c8451t.jpg,50,70
r1ced1907t.jpg,95,50
r186c09e4t.jpg,55,90
r00de2590t.jpg,90,65
r14a9a843t.jpg,80,95
r0bbbb097t.jpg,80,60
r17492cd5t.jpg,90,85
r1bd70210t.jpg,90,95
r039a5ef5t.jpg,95,70
r06691aa5t.jpg,65,80
r04e19833t.jpg,55,85
r0249f733t.jpg,70,50
r12a7e9b5t.jpg,75,90
r0a31a2cct.jpg,60,95
r1567e512t.jpg,55,50
r0bdc7894t.jpg,85,50
r18302db2t.jpg,90,80
r0e5dfc8et.jpg,95,100
r08b41f18t.jpg,55,80
r12133015t.jpg,95,60
r162b2209t.jpg,70,50
r0833f646t.jpg,75,100
r17b2f789t.jpg,75,90
r1e9c8a5dt.jpg,90,65
r0dd6e8f4t.jpg,95,95
r0f25b326t.jpg,85,75
r0417f5e3t.jpg,70,50
r0b1f92a9t.jpg,50,60
r00869422t.jpg,50,100
r1d2bb70at.jpg,95,95
r0af5a8cct.jpg,100,90
r101eab0dt.jpg,95,95
r0282ca06t.jpg,95,60
r05d35656t.jpg,50,60
r155fe1fat.jpg,60,55
r1328ee94t.jpg,65,90
r1d1445b6t.jpg,95,85
r1f1a3258t.jpg,85,70
r1e79c6f9t.jpg,80,55
r0a72568ct.jpg,55,80
r1e251abet.jpg,75,60
r1070b804t.jpg,50,90
r00d161b7t.jpg,95,70
r0c486c0at.jpg,95,55
r0fa22d02t.jpg,95,80
r10134c59t.jpg,85,100
r09696ba3t.jpg,55,95
r1bf7ff83t.jpg,75,65
r128cc6fbt.jpg,75,50
r18ce12dct.jpg,95,75
r0342f22ct.jpg,80,55
r0777fea4t.jpg,75,60
r1a1d7e72t.jpg,75,65
r08b04f65t.jpg,90,75
r19be5c05t.jpg,65,50
r0bf1bbect.jpg,80,55
r16509308t.jpg,90,75
r0281b52at.jpg,90,65
r1a0f5585t.jpg,65,55
r0b841e5at.jpg,50,90
r1bc92a89t.jpg,100,55
r116fa8b7t.jpg,85,85
r008a2095t.jpg,70,55
r01c95f68t.jpg,85,65
r0279b17bt.jpg,60,85
r164c1e13t.jpg,90,95
r1e5c27c1t.jpg,65,90
r046852c1t.jpg,90,70
r0b735401t.jpg,90,95
r066358d3t.jpg,80,55
r1800ab47t.jpg,95,75
r1a485a99t.jpg,75,90
r1293f8ect.jpg,80,100
r09ff1dcet.jpg,60,55
r1378de81t.jpg,100,50
r043951a3t.jpg,85,100
r108ae9b6t.jpg,85,90
r1af60295t.jpg,65,55
r06d3ac60t.jpg,95,65
r188eb234t.jpg,70,85
r04b4d5aft.jpg,80,90
r0eea5a7et.jpg,70,55
r1f20d8b5t.jpg,60,95
r0408fe9ft.jpg,55,60
r06743f8ft.jpg,65,85
r079d086et.jpg,95,70
r10e36316t.jpg,60,80
r07cf907dt.jpg,50,100
r15ab6ac6t.jpg,90,65
r07cfb432t.jpg,80,50
r1b17f0f0t.jpg,75,85
r068812d7t.jpg,70,80
r02e1abe2t.jpg,90,70
r09a992e9t.jpg,60,75
r13493fa3t.jpg,75,55
r0edb165ft.jpg,60,80
r101d6690t.jpg,85,80
r0ab86ea2t.jpg,90,50
r1f1a9df4t.jpg,65,80
r14df59fet.jpg,65,75
r1d79b6e7t.jpg,70,70
r007f5116t.jpg,55,60
r0e7b407bt.jpg,95,80
r04c566a0t.jpg,60,95
r02b7536at.jpg,100,85
r00c0995ft.jpg,90,85
r15f07f9dt.jpg,75,85
r0108c383t.jpg,65,95
r0dff226et.jpg,95,90
r11bf0779t.jpg,55,50
r1c1fef8ft.jpg,100,80
r0383e9c3t.jpg,85,60
r15199ae3t.jpg,100,55
r1dbef145t.jpg,80,100
r152d9ff5t.jpg,50,60
r179ec4e8t.jpg,80,90
r0e661e0dt.jpg,80,85
r07d13149t.jpg,75,70
r1e504ebbt.jpg,75,85
r0965e155t.jpg,60,70
r0744a10et.jpg,90,85
r0d56c1d7t.jpg,65,75
r092b4511t.jpg,55,65
r1e7987b3t.jpg,90,80
r1138e1aft.jpg,95,55
r03ed2669t.jpg,95,85
r1a07dd25t.jpg,95,70
r0f22c43ct.jpg,75,95
r1a711e27t.jpg,50,60
r00a940e1t.jpg,55,65
r1ee6f90et.jpg,80,65
r12cebbd2t.jpg,50,70
r04a210b3t.jpg,65,100
r05f3bc6ct.jpg,75,70
r191f3cdet.jpg,55,50
r1c028de8t.jpg,50,65
r1d53fccat.jpg,100,95
r17ad56act.jpg,100,60
r189be0d8t.jpg,100,70
r18d9feeat.jpg,75,85
r1bf00696t.jpg,100,75
r1602555bt.jpg,80,80
r08ac875ct.jpg,80,70
r0d89edd8t.jpg,80,95
r13928401t.jpg,90,100
r18990432t.jpg,60,50
r1db351a2t.jpg,80,95
r14f241e4t.jpg,60,80
r1aa53167t.jpg,90,85
r066b256at.jpg,75,95
r14586c63t.jpg,75,85
r0cbdc6f8t.jpg,55,100
r07db8a54t.jpg,60,60
r1eaa5d42t.jpg,75,70
r07d5eb94t.jpg,55,60
r06c4bcb9t.jpg,100,95
r1a499b96t.jpg,65,100
r17d11b3at.jpg,50,70
r181dd93dt.jpg,90,100
r16144fa2t.jpg,55,90
r1a020c3ft.jpg,55,70
r035ef2c2t.jpg,65,50
r1efcf847t.jpg,100,75
r04eda41ct.jpg,75,80
r10a207det.jpg,60,85
r057282fet.jpg,50,75
r1c6b4a23t.jpg,90,90
r098cf7aet.jpg,80,60
r0341853dt.jpg,55,80
r097088c1t.jpg,60,80
r03b0c944t.jpg,70,70
r00617aa1t.jpg,90,90
r1c24a571t.jpg,70,95
r11a5b93dt.jpg,65,80
r123c6433t.jpg,60,90
r181d64eat.jpg,95,80
r09efa609t.jpg,60,55
r1c4d4720t.jpg,65,50
r11aa1ee3t.jpg,50,95
r02f9f53et.jpg,55,75
r13934dc7t.jpg,55,65
r12c1798bt.jpg,50,60
r128dfb38t.jpg,80,50
r09579ff2t.jpg,85,85
r126a22b8t.jpg,65,75
r1db61cf8t.jpg,60,75
r1f446078t.jpg,75,90
r15f16465t.jpg,95,50
r01b6aed6t.jpg,55,90
r15c91802t.jpg,50,55
r00879054t.jpg,95,55
r1ca5a385t.jpg,50,90
r0d1dd61ft.jpg,80,95
r0f24ca4dt.jpg,55,50
r12a97b08t.jpg,85,100
r07dba73ft.jpg,90,65
r1c4e6a62t.jpg,85,80
r17fe8532t.jpg,90,75
r04c11390t.jpg,70,90
r03bf5648t.jpg,65,60
r1a60a2bdt.jpg,75,50
r0b6e4254t.jpg,80,80
r1e8e493ct.jpg,70,80
r14a595b6t.jpg,50,70
r1565a7e7t.jpg,55,90
r13ae7d1et.jpg,100,55
r04b8473dt.jpg,85,90
r1986e42bt.jpg,55,85
r19d72b0ct.jpg,85,60
r0f3569c0t.jpg,55,65
r127d47e0t.jpg,95,80
r1cb7084et.jpg,95,95
r005f3e70t.jpg,70,95
r0465565ct.jpg,95,65
r1644d874t.jpg,75,60
r1f06581bt.jpg,85,80
r06b7849at.jpg,100,100
r02a0839et.jpg,100,85
r170b020bt.jpg,100,75
r002fc3e2t.jpg,90,90
r10cf67d1t.jpg,70,85
r0eb7ee5ct.jpg,95,70
r19d47beft.jpg,80,65
r0a64ce0bt.jpg,70,90
r1aa4db16t.jpg,50,70
r177dd68et.jpg,55,85
r0d61db4ct.jpg,70,60
r00b8d4a2t.jpg,95,70
r13de1e12t.jpg,95,85
r0f1aef1ft.jpg,65,75
r19183258t.jpg,85,90
r045be2act.jpg,60,55
r12f02af5t.jpg,50,55
r04172edct.jpg,70,95
r1e698e5dt.jpg,95,75
r038422cft.jpg,70,80
r1297fd0bt.jpg,75,55
r0c7fcc38t.jpg,100,85
r1d6e15d3t.jpg,95,75
r0372042dt.jpg,50,70
r150b1b51t.jpg,60,90
r10f2ac48t.jpg,75,95
r16113cc8t.jpg,60,75
r1ef16e0dt.jpg,75,90
r0ea0825ft.jpg,95,95
r01b3f004t.jpg,80,80
r10c5fc29t.jpg,100,80
r0a2e85f0t.jpg,100,100
r1b1c1019t.jpg,100,70
r1a343192t.jpg,95,70
r033daaa0t.jpg,65,100
r0ff7a848t.jpg,75,85
r1b57dbb2t.jpg,80,65
r00444b95t.jpg,60,50
r056f233bt.jpg,60,100
r0287344at.jpg,90,85
r0f91c753t.jpg,80,65
r10a9ca2at.jpg,55,75
r138ceafbt.jpg,55,95
r1694427et.jpg,65,55
r0a8b59bbt.jpg,60,60
r181768b7t.jpg,70,55
r1db2847et.jpg,95,50
r07e1e8cbt.jpg,60,60
r15efd876t.jpg,85,100
r13e56300t.jpg,55,90
r246b46f6t.jpg,60,85
r28360ddbt.jpg,50,70
r2a94cf55t.jpg,70,80
r361ec5eft.jpg,55,75
r259c8a98t.jpg,100,70
r3a7d0346t.jpg,95,95
r3e6b76e1t.jpg,60,70
r2219942at.jpg,100,85
r2af84453t.jpg,50,50
r39bf973ct.jpg,90,60
r372fd787t.jpg,55,65
r2303922at.jpg,95,80
r31aff270t.jpg,100,85
r2e7f06f3t.jpg,85,55
r35ddb730t.jpg,60,55
r2c9643f4t.jpg,85,95
r20e496c8t.jpg,90,80
r35b4e299t.jpg,90,50
r36643faft.jpg,65,60
r310f74f4t.jpg,70,90
r231f7506t.jpg,55,100
r3b915bf4t.jpg,100,70
r2668c5edt.jpg,95,85
r3010d0bft.jpg,80,65
r310b356ft.jpg,55,60
r3bb39d9at.jpg,100,65
r279a20cet.jpg,65,55
r3463f166t.jpg,100,80
r21b1a3f5t.jpg,50,70
r2f4d3519t.jpg,60,80
r28ebc1cct.jpg,65,65
r23639ec3t.jpg,80,60
r307efc85t.jpg,70,55
r3ba60404t.jpg,70,60
r2c73af31t.jpg,50,90
r39ee6c8bt.jpg,65,100
r20ac45eet.jpg,50,85
r33796bcat.jpg,100,70
r260e7f93t.jpg,85,100
r2b127f8et.jpg,55,55
r21daa2f4t.jpg,70,70
r3204238bt.jpg,60,75
r22ff2c23t.jpg,95,90
r25f5c441t.jpg,85,60
r2f1b4c86t.jpg,60,85
r28521d53t.jpg,75,80
r26d5bcc0t.jpg,50,55
r2a51f893t.jpg,50,50
r27799eaet.jpg,95,75
r3b3ad330t.jpg,100,80
r21495154t.jpg,100,60
r35d81a5at.jpg,95,85
r2e9cea6ft.jpg,75,100
r2ab88c5dt.jpg,70,60
r2262c552t.jpg,75,85
r3c6f5fe0t.jpg,70,65
r27951744t.jpg,60,65
r3335cb09t.jpg,55,80
r31a724d3t.jpg,65,50
r29537829t.jpg,50,50
r306fd0dft.jpg,65,85
r360eae95t.jpg,55,70
r300ceac4t.jpg,100,100
r28fbafb2t.jpg,85,85
r302cab06t.jpg,55,80
r26241ddat.jpg,80,50
r3602d116t.jpg,55,90
r2315cf8bt.jpg,70,100
r2644d445t.jpg,70,70
r230203f6t.jpg,65,95
r3bacc1d2t.jpg,95,70
r32fdda5et.jpg,75,50
r3cada4c7t.jpg,100,95
r2c82cfe4t.jpg,50,50
r2508b327t.jpg,90,60
r2071eba5t.jpg,70,80
r20abcc53t.jpg,95,90
r28918b22t.jpg,100,80
r28f7d8d8t.jpg,65,60
r3cd63d91t.jpg,50,90
r2b55f84at.jpg,85,95
r3ad791bct.jpg,80,70
r2d4c3abet.jpg,60,75
r320e9e4at.jpg,85,65
r35f565f8t.jpg,95,60
r2ee4f7fat.jpg,50,80
r23b653b7t.jpg,70,60
r21086258t.jpg,60,50
r2ca328ebt.jpg,95,85
r3454a336t.jpg,100,60
r386fd4cft.jpg,80,95
r28fffe77t.jpg,50,60
r2e03268bt.jpg,50,55
r395c4635t.jpg,55,55
r2cb2111ct.jpg,50,75
r373a09a3t.jpg,50,95
r21fc4292t.jpg,75,65
r3e74ac90t.jpg,65,85
r2380441ct.jpg,100,55
r2c33212et.jpg,95,90
r33ef01dft.jpg,75,70
r258b450ct.jpg,80,65
r3c23d011t.jpg,95,80
r23141e98t.jpg,75,95
r31d952b2t.jpg,70,85
r385ac3e7t.jpg,55,90
r25cd268et.jpg,85,70
r387675a6t.jpg,75,85
r33885509t.jpg,60,75
r2806fdfet.jpg,60,75
r26c98404t.jpg,50,60
r33339ecbt.jpg,75,80
r29f13190t.jpg,55,100
r23894467t.jpg,95,80
r272fba5ft.jpg,80,55
r244a0ebet.jpg,65,95
r22390fe3t.jpg,90,55
r2ca89be8t.jpg,90,80
r2203b805t.jpg,70,50
r3784655ct.jpg,100,85
r1fdae952t.jpg,95,75
r2b5d2312t.jpg,95,60
r3c7ffa55t.jpg,90,65
r2507b345t.jpg,100,75
r356eaf61t.jpg,80,65
r31d1de50t.jpg,100,60
r2e11e2d5t.jpg,95,80
r2be27c44t.jpg,95,70
r281b1860t.jpg,95,90
r39a7c4e5t.jpg,90,55
r3ba931det.jpg,100,50
r3e6473ect.jpg,85,75
r35395771t.jpg,55,85
r35324699t.jpg,55,60
r286da035t.jpg,55,80
r2837e58ft.jpg,60,85
r2d3e75a0t.jpg,90,95
r2df94073t.jpg,70,75
r2602f0d6t.jpg,75,50
r30a07797t.jpg,90,80
r229fa722t.jpg,75,60
r2e7a8e96t.jpg,90,65
r1fad2bd1t.jpg,50,75
r39dcb362t.jpg,100,75
r3e1a14f0t.jpg,60,95
r208171bet.jpg,65,55
r2bf74d08t.jpg,95,55
r23e32bdct.jpg,60,75
r373f2e19t.jpg,70,80
r2287b54ft.jpg,100,70
r3bd0bcd9t.jpg,90,50
r27478470t.jpg,50,70
r3da61db8t.jpg,55,60
r3b6e88e0t.jpg,90,50
r3ce4f9b3t.jpg,75,55
r2876c6c7t.jpg,75,80
r2693be14t.jpg,100,55
r355a1c3dt.jpg,60,60
r235b0b7ft.jpg,85,75
r28b11a3ft.jpg,100,60
r33b9ad67t.jpg,55,65
r21b7dd1et.jpg,90,80
r2d0f19c7t.jpg,55,60
r3ca056c2t.jpg,75,80
r1f7d6fdft.jpg,90,70
r3d1cb2e6t.jpg,95,70
r39509770t.jpg,100,60
r3dbfdd59t.jpg,75,90
r22cdd7ddt.jpg,80,85
r20b6fae6t.jpg,90,100
r25578cd5t.jpg,50,80
r2cda2dc2t.jpg,70,90
r34b91c89t.jpg,60,95
r2a0083ect.jpg,100,60
r3aa0e892t.jpg,100,50
r1fd92726t.jpg,90,85
r3c20c81dt.jpg,90,95
r3513ece8t.jpg,95,75
r39c7b9fft.jpg,50,100
r2412f5a3t.jpg,75,50
r33d0c750t.jpg,100,95
r2d6124ebt.jpg,80,60
r2e116087t.jpg,85,95
r3db901d3t.jpg,55,50
r292177dft.jpg,95,75
r2a4b5c29t.jpg,95,85
r224b8509t.jpg,90,95
r32dadc06t.jpg,100,70
r30a41718t.jpg,100,80
r217c0934t.jpg,100,70
r2c8a1abat.jpg,50,50
r2658351bt.jpg,100,90
r2f92ccf7t.jpg,70,50
r2e7323b9t.jpg,80,65
r22e7097ct.jpg,95,95
r3641d39dt.jpg,50,70
r20bec608t.jpg,70,100
r21fe3c41t.jpg,65,95
r355e3f8at.jpg,65,75
r2bc027b3t.jpg,90,60
r3969ca7bt.jpg,50,50
r2b1b8a55t.jpg,65,50
r37267d0bt.jpg,90,90
r3c268be7t.jpg,90,90
r21548a0at.jpg,75,65
r3709c433t.jpg,95,75
r31a64a5ft.jpg,100,70
r36c7ecc6t.jpg,75,75
r2543ceaat.jpg,65,95
r281c8184t.jpg,95,85
r312ef1dbt.jpg,60,80
r2caa719ct.jpg,90,85
r27b1a786t.jpg,100,100
r20d85ffat.jpg,70,100
r20780518t.jpg,75,100
r32b71d0at.jpg,55,100
r36610622t.jpg,100,85
r3a7361c0t.jpg,70,55
r2dc3148ft.jpg,95,50
r320f56f1t.jpg,85,55
r263e934ft.jpg,60,90
r37e9c251t.jpg,65,80
r242bfc98t.jpg,70,100
r3ac3042ft.jpg,80,75
r388ede2at.jpg,65,85
r3135cb14t.jpg,75,80
r3a460032t.jpg,95,75
r22da94f6t.jpg,65,95
r3092a7e7t.jpg,85,85
r2c2a2211t.jpg,55,95
r37798f5bt.jpg,65,90
r2a055e9ft.jpg,60,60
r25ad3dfct.jpg,55,90
r38e9709et.jpg,50,60
r3746860ft.jpg,100,85
r264e0d75t.jpg,85,80
r26929719t.jpg,80,55
r2a271d84t.jpg,85,85
r1fbe2f54t.jpg,90,85
r3ae47fdat.jpg,55,75
r38d3b080t.jpg,80,70
r1fdd1320t.jpg,60,75
r20c282ddt.jpg,90,75
r2a94d504t.jpg,85,55
r35760737t.jpg,80,75
r24c19ce2t.jpg,75,80
r26671db2t.jpg,90,95
r25d7d612t.jpg,85,75
r27508a5bt.jpg,75,55
r2dc4a535t.jpg,100,90
r3275c6c5t.jpg,60,50
r25dd5b10t.jpg,95,100
r316a21b9t.jpg,60,80
r2bd2b5abt.jpg,60,90
r310adaabt.jpg,80,55
r381e069ct.jpg,90,75
r32457827t.jpg,60,55
r2408ba1at.jpg,55,50
r2b333244t.jpg,70,80
r26e946c5t.jpg,95,50
r384c656ft.jpg,75,80
r2d710c97t.jpg,50,90
r396368bat.jpg,100,70
r243bf26bt.jpg,60,80
r3e0b787at.jpg,95,60
r35aaa1e3t.jpg,80,70
r2115038at.jpg,55,80
r2c2b142bt.jpg,85,85
r22575308t.jpg,75,100
r3d6930b4t.jpg,50,95
r1f644badt.jpg,85,85
r2e34c254t.jpg,100,80
r2f2824d4t.jpg,50,70
r2788a3b0t.jpg,75,80
r3532148bt.jpg,80,75
r2829bc13t.jpg,55,60
r2d39a133t.jpg,60,95
r334f8379t.jpg,60,65
r3793d52bt.jpg,85,95
r2daa8ce0t.jpg,55,80
r30ff3619t.jpg,95,95
r34936caet.jpg,55,65
r28bac591t.jpg,55,65
r3cca5cfet.jpg,60,90
r22994ccet.jpg,60,65
r3222226et.jpg,95,55
r3afdd207t.jpg,55,80
r209f6d4at.jpg,70,95
r36b61c23t.jpg,85,85
r21d6c5cct.jpg,100,80
r244acef7t.jpg,100,50
r2068a9f5t.jpg,95,100
r3745ac7ft.jpg,80,50
r2c0ebd18t.jpg,50,65
r208f8ca5t.jpg,65,85
r39079a9at.jpg,65,65
r2f92913ft.jpg,90,65
r36f82b23t.jpg,75,65
r268c3b3ft.jpg,85,75
r2f058fe2t.jpg,85,100
r38787043t.jpg,55,70
r294555c6t.jpg,80,100
r36b2f88at.jpg,90,100
r2743a126t.jpg,65,85
r34eadc30t.jpg,90,65
r2ac5d974t.jpg,60,100
r38d4892ct.jpg,85,55
r2d5acd8ct.jpg,65,70
r20dd733et.jpg,60,50
r38fc9a71t.jpg,50,60
r376cd0c9t.jpg,90,50
r2d4d9861t.jpg,70,70
r2635711at.jpg,50,95
r33752711t.jpg,60,100
r2604e4bat.jpg,65,100
r1f6ffad4t.jpg,70,90
r3d0b0c40t.jpg,50,70
r3387b178t.jpg,50,100
r3a08b997t.jpg,75,55
r27ed37d8t.jpg,90,80
r23a486fct.jpg,85,65
r2a230e5ct.jpg,75,95
r30905f49t.jpg,75,75
r272912d8t.jpg,95,75
r2e26ecd5t.jpg,50,95
r33780641t.jpg,100,75
r3b02e99ct.jpg,55,90
r210198f8t.jpg,95,50
r3069846et.jpg,70,75
r353449e8t.jpg,65,75
r2327ba45t.jpg,75,100
r29e0745dt.jpg,80,55
r27982a93t.jpg,55,55
r38237796t.jpg,50,75
r31324e86t.jpg,100,75
r335177e4t.jpg,60,95
r2511859et.jpg,65,50
r33bc2a7at.jpg,85,90
r2a759044t.jpg,90,55
r26874502t.jpg,70,60
r2bb2bb8at.jpg,90,60
r3aa91f53t.jpg,60,90
r27aa0d61t.jpg,100,55
r2c82a83bt.jpg,50,90
r28718aact.jpg,65,85
r259ed278t.jpg,90,80
r281a50c2t.jpg,75,95
r212e58e0t.jpg,65,55
r34ca24fct.jpg,65,75
r20d52f7at.jpg,60,100
r311bf707t.jpg,80,60
r30117281t.jpg,50,95
r3b769477t.jpg,65,80
r3113628bt.jpg,70,75
r3dc8bde1t.jpg,60,95
r3057cab6t.jpg,85,100
r3da555a7t.jpg,85,70
r26edf3b0t.jpg,90,95
r21d82535t.jpg,90,55
r3d22cdf3t.jpg,90,80
r3d2fe1e1t.jpg,75,95
r2ed8d6fbt.jpg,90,60
r2eb46829t.jpg,95,75
r26a43374t.jpg,70,55
r2d536620t.jpg,65,80
r38f98ea6t.jpg,80,70
r2efe1caet.jpg,90,65
r3ce6407ct.jpg,100,95
r2ee94aa6t.jpg,55,55
r2e7686c6t.jpg,70,60
r3c7e88b5t.jpg,65,100
r3ab1cb3at.jpg,65,90
r2d263709t.jpg,55,55
r30c2f54ct.jpg,95,60
r24d3de0at.jpg,75,50
r3be1786et.jpg,100,60
r24815973t.jpg,70,65
r33d823e0t.jpg,90,100
r36ce4731t.jpg,65,65
r3cac01f7t.jpg,70,85
r3db762d7t.jpg,65,75
r2a90299ct.jpg,100,100
r2e2262dbt.jpg,85,70
r3564f5fbt.jpg,55,65
r27d117e6t.jpg,50,100
r28c65102t.jpg,85,60
r2df3ff13t.jpg,80,55
r204d3bd5t.jpg,55,75
r2f686f2ct.jpg,60,95
r1fe5f2cdt.jpg,60,100
r3d2777d0t.jpg,65,75
r244faa40t.jpg,80,75
r2bf05907t.jpg,80,50
r224c0bedt.jpg,85,80
r3789b270t.jpg,80,50
r36156887t.jpg,60,55
r34455ddbt.jpg,100,80
r20ced612t.jpg,90,75
r3e62a376t.jpg,75,70
r3b0926a7t.jpg,65,65
r3d091dc0t.jpg,75,75
r3ba3330at.jpg,95,95
r3c21262bt.jpg,100,50
r36629bf8t.jpg,95,75
r377184d6t.jpg,100,50
r20d0f252t.jpg,50,95
r2f5b10a9t.jpg,95,75
r280500d8t.jpg,80,60
r23cdff82t.jpg,55,100
r22a8c585t.jpg,50,65
r2f75c08at.jpg,85,65
r20b7068bt.jpg,85,65
r3a243268t.jpg,65,65
r3353d7adt.jpg,75,50
r251c47b1t.jpg,75,60
r27b1c751t.jpg,70,90
r2f1cf2e0t.jpg,80,90
r2b54558ft.jpg,60,95
r2c9d6cb7t.jpg,70,80
r2464f647t.jpg,60,75
r33c35d80t.jpg,65,95
r37896b3ct.jpg,55,95
r291ae239t.jpg,90,50
r3191657bt.jpg,90,60
r356f0916t.jpg,85,100
r3027af7bt.jpg,95,65
r3c7fbfb4t.jpg,80,60
r3038170at.jpg,60,50
r3a79775ft.jpg,90,90
r32981d7bt.jpg,90,55
r2d3a1d3ct.jpg,95,65
r280b34e9t.jpg,85,95
r206fef9ct.jpg,55,50
r2ed19b5dt.jpg,50,80
r3412c9bat.jpg,55,55
r32abf1cct.jpg,80,75
r2eea67e2t.jpg,80,55
r1ffa9ee3t.jpg,65,70
r381b33f9t.jpg,85,70
r32f112a9t.jpg,85,70
r36b4a33dt.jpg,80,90
r30437e5at.jpg,100,55
r2ebf5185t.jpg,95,75
r3e1b14det.jpg,80,80
r2e8176c4t.jpg,100,100
r3a3ade8at.jpg,65,90
r3201c080t.jpg,100,95
r2d667896t.jpg,85,100
r2b7a60e4t.jpg,60,90
r3758e30dt.jpg,50,80
r2fa08cf6t.jpg,90,80
r38cbd237t.jpg,95,85
r205b2c9at.jpg,100,55
r33dddfcbt.jpg,75,90
r373244ect.jpg,75,90
r22643310t.jpg,80,85
r2d588ad7t.jpg,95,55
r289dae8dt.jpg,100,50
r30590a21t.jpg,65,80
r3644d097t.jpg,50,70
r2bba8466t.jpg,75,70
r215ca2a5t.jpg,80,55
r263492c3t.jpg,65,90
r3a38cec4t.jpg,100,65
r3333cbf6t.jpg,65,75
r2c63a61at.jpg,65,85
r2e4224bat.jpg,60,95
r2494dc54t.jpg,85,55
r3882d629t.jpg,95,85
r2a618e9dt.jpg,90,85
r26898174t.jpg,50,85
r307d41fct.jpg,100,90
r2477f9c6t.jpg,95,80
r37a15891t.jpg,100,75
r32a8224ft.jpg,65,60
r36480ba8t.jpg,100,80
r251e0ffet.jpg,80,75
r301f9279t.jpg,70,50
r3945d926t.jpg,65,100
r21ccb830t.jpg,85,95
r3cc56786t.jpg,95,50
r1f83db2at.jpg,60,55
r29de6aa8t.jpg,100,80
r380f8bcet.jpg,65,75
r2d6ba560t.jpg,50,65
r2c4431b3t.jpg,95,55
r29475139t.jpg,60,50
r1ff64b21t.jpg,70,90
r2ae4bf59t.jpg,55,60
r30924a9ct.jpg,90,55
r32ddd625t.jpg,55,95
r27bcd786t.jpg,85,75
r3937390dt.jpg,55,65
r2688eaf6t.jpg,70,65
r348f31a8t.jpg,90,90
r2d0cf075t.jpg,50,100
r2834171bt.jpg,70,65
r3e81575bt.jpg,85,80
r37e0a08dt.jpg,65,100
r22fa37aft.jpg,60,85
r373d5f78t.jpg,85,65
r24676146t.jpg,80,80
r39f8ba75t.jpg,80,50
r2e7f006et.jpg,100,75
r28167d3ct.jpg,50,55
r3127999bt.jpg,75,50
r2b620591t.jpg,75,50
r37ad5c31t.jpg,65,70
r3bc4834at.jpg,55,75
r3724e50ct.jpg,85,75
r266eb511t.jpg,55,90
r2d5e7a41t.jpg,100,100
r3bc3e669t.jpg,90,75
r34349a5et.jpg,100,50
r2803bf36t.jpg,50,55
r355a0685t.jpg,80,70
r348c79ddt.jpg,85,75
r36f4186ft.jpg,100,80
r30109005t.jpg,50,50
r302d6708t.jpg,60,75
r2a9ca01ct.jpg,95,55
r3378d41et.jpg,90,55
r35ffd4dft.jpg,55,70
r24acf7c0t.jpg,95,90
r35b19f87t.jpg,55,75
r3b9214dat.jpg,85,55
r39903169t.jpg,50,90
r227e3ae5t.jpg,75,90
r25d0e01ft.jpg,65,50
r2aef9f7bt.jpg,90,75
r34ab49c5t.jpg,65,65
r36a87720t.jpg,75,80
r21a8608et.jpg,100,50
r22051ba5t.jpg,65,95
r3b8c002dt.jpg,65,65
r209d3c4ft.jpg,65,85
r3c53386ct.jpg,85,80
r255fb282t.jpg,100,60
r2ebbb5fdt.jpg,65,55
r207f2141t.jpg,50,95
r25c46909t.jpg,85,60
r215900f0t.jpg,50,70
r359eca3ft.jpg,75,80
r3829a53dt.jpg,65,70
r22b6c59et.jpg,50,70
r3a3b085bt.jpg,90,55
r2e3e167et.jpg,100,90
r21e7773at.jpg,85,100
r347b071et.jpg,60,75
r38d9e869t.jpg,80,70
r2435fe74t.jpg,85,50
r3a14124ft.jpg,100,100
r3147f5d3t.jpg,65,65
r3c2f9699t.jpg,50,85
r389a8c6ft.jpg,80,80
r333b445dt.jpg,50,65
r32cd478dt.jpg,50,85
r319a7848t.jpg,55,85
r3b42789et.jpg,55,95
r343f1bb5t.jpg,75,60
r285d6a3ct.jpg,95,60
r327c45a4t.jpg,70,60
r35094f21t.jpg,60,70
r23beab04t.jpg,90,85
r39ee102et.jpg,70,100
r30000ff3t.jpg,80,65
r22c757b6t.jpg,80,70
r3cc76637t.jpg,70,60
r3641d425t.jpg,50,75
r2caaccd9t.jpg,85,65
r3898a80et.jpg,100,50
r3ab4c2d7t.jpg,100,80
r2df2ba94t.jpg,75,50
r27f85cc9t.jpg,55,65
r37304b20t.jpg,50,60
r37afc519t.jpg,70,70
r3647a976t.jpg,55,95
r35552bcbt.jpg,80,80
r2c2f5962t.jpg,85,50
r2a5791f7t.jpg,100,95
r245d704at.jpg,60,50
r30ffd9c8t.jpg,55,80
r3964a667t.jpg,50,90
r389a93a8t.jpg,70,75
r2de05e8bt.jpg,70,70
r2a108a9ft.jpg,90,100
r3e1c1f97t.jpg,95,65
r2a8a7a02t.jpg,65,90
r3b3c9f25t.jpg,80,60
r3a2a9994t.jpg,75,85
r27c26492t.jpg,60,90
r2b3ea211t.jpg,100,95
r24d00ad1t.jpg,95,60
r2cce5782t.jpg,65,65
r312b7f0bt.jpg,60,100
r2204c306t.jpg,95,75
r2fe77502t.jpg,95,75
r3e004223t.jpg,50,60
r3b72c6e5t.jpg,80,95
r233f3223t.jpg,60,65
r32929360t.jpg,85,90
r22a6bf30t.jpg,65,65
r22470921t.jpg,85,55
r257b9d89t.jpg,65,70
r36316032t.jpg,90,75
r37762f3at.jpg,80,85
r2642af41t.jpg,100,100
r27c10102t.jpg,80,100
r2a90defbt.jpg,55,85
r33ca9152t.jpg,90,65
r3ad28e50t.jpg,50,50
r3be239b6t.jpg,100,60
r2ab42705t.jpg,75,65
r2a151e6dt.jpg,100,85
r2527bc89t.jpg,50,90
r286398d1t.jpg,60,100
r2f684315t.jpg,95,70
r370d59d5t.jpg,90,95
r26e8e48ct.jpg,80,65
r267f8e18t.jpg,55,60
r2e649d96t.jpg,65,90
r2b29e95et.jpg,65,60
r2b7c0a7et.jpg,60,100
r27d60243t.jpg,70,50
r3aa01d44t.jpg,85,80
r222ccea2t.jpg,50,80
r32f78b52t.jpg,100,65
r30e65186t.jpg,80,100
r20d50413t.jpg,50,75
r2f1156f1t.jpg,70,80
r37e5bfd6t.jpg,65,85
r3ada382dt.jpg,90,70
r21b7ba47t.jpg,50,65
r20a3ad0ct.jpg,55,70
r36ec84cft.jpg,55,75
r2254a157t.jpg,75,85
r25406e65t.jpg,95,75
r206343bct.jpg,100,100
r3a4fd27bt.jpg,55,50
r2c148ca4t.jpg,50,60
r2894f3f7t.jpg,95,75
r39846c6ft.jpg,70,50
r2bc06c06t.jpg,80,100
r2420c23bt.jpg,55,100
r2f946edct.jpg,55,70
r38fcba27t.jpg,50,100
r33024b82t.jpg,100,55
r2db944d1t.jpg,100,75
r22258135t.jpg,50,80
r306eb1d4t.jpg,80,90
r2e777e32t.jpg,95,100
r3c5df3f6t.jpg,50,65
r3d264ef2t.jpg,100,60
r38845433t.jpg,85,100
r26755370t.jpg,65,75
r304b5d3ct.jpg,65,90
r2e8b0144t.jpg,70,100
r35afc21dt.jpg,60,60
r20e3feb9t.jpg,60,85
r2888dc4ct.jpg,100,90
r287e35e9t.jpg,70,85
r360d431dt.jpg,85,65
r2b281429t.jpg,60,50
r235f3de2t.jpg,75,80
r221acc09t.jpg,70,70
r3ddebf11t.jpg,85,80
r3db8802ct.jpg,80,60
r34cf144ft.jpg,50,50
r395fa225t.jpg,65,70
r30014ccat.jpg,90,60
r323bbaaft.jpg,50,90
r35207630t.jpg,75,50
r2d11fddbt.jpg,65,85
r24ffc739t.jpg,85,95
r3cf7261et.jpg,85,65
r2a7c97dat.jpg,100,55
r26f40f2at.jpg,80,55
r23ef00bct.jpg,95,90
r33bd350ft.jpg,95,80
r30bc6200t.jpg,100,95
r2f910937t.jpg,60,100
r36fc0189t.jpg,75,75
r3615b30dt.jpg,100,50
r2256108at.jpg,55,85
r2f10af66t.jpg,90,80
r3bfdaa33t.jpg,65,50
r2aad180ft.jpg,100,85
r2fa417b6t.jpg,50,65
r2afeb41bt.jpg,95,90
r2bae9928t.jpg,50,90
r2bd5a539t.jpg,90,60
r302a3b3ft.jpg,95,75
r28175027t.jpg,80,85
r3a7cf314t.jpg,80,60
r20450c9ft.jpg,95,95
r21be3924t.jpg,55,70
r2a6b25e0t.jpg,100,55
r2e5fa9e4t.jpg,90,100
r39a77e8et.jpg,70,65
r293f58a8t.jpg,100,70
r34359152t.jpg,90,85
r27df9f53t.jpg,95,65
r22ef66d7t.jpg,60,75
r240bbf6bt.jpg,50,80
r3d39a48et.jpg,80,60
r3b8870eet.jpg,50,70
r2ece0242t.jpg,50,95
r3bb19fedt.jpg,75,85
r323f240et.jpg,70,95
r39fd5422t.jpg,85,100
r2b2d94b1t.jpg,50,80
r3375a739t.jpg,100,65
r2874ea4et.jpg,95,55
r2d72797bt.jpg,50,75
r309a82cbt.jpg,60,100
r343d5a2ft.jpg,50,80
r3bc09f0ct.jpg,60,70
r1f9060dct.jpg,55,95
r2a784373t.jpg,75,60
r27581da6t.jpg,70,70
r305570d4t.jpg,55,55
r214a3ffet.jpg,80,60
r2c5d0d05t.jpg,80,75
r3722ae25t.jpg,60,55
r2eb3894ft.jpg,60,55
r3b1710dft.jpg,75,50
r362eb8cft.jpg,50,80
r23004f1bt.jpg,65,100
r2b6e297ft.jpg,100,60
r232d1f20t.jpg,70,75
r23826069t.jpg,100,100
r3b64b650t.jpg,70,50
r3dc383bft.jpg,65,80
r2936441ft.jpg,70,100
r3aa2244dt.jpg,65,90
r2a59ecf5t.jpg,65,70
r33b3e4e8t.jpg,100,60
r27de6b7et.jpg,80,100
r2e2d6e13t.jpg,65,70
r2d8e5436t.jpg,80,65
r39db9cbet.jpg,50,95
r280690d1t.jpg,85,100
r1fb9f1d3t.jpg,75,55
r37a67ef2t.jpg,50,65
r3dd0b8a1t.jpg,80,100
r23b8ee7ft.jpg,55,55
r29a5f910t.jpg,55,60
r31c512a7t.jpg,70,80
r394647b4t.jpg,80,70
r257d8983t.jpg,90,50
r23b44533t.jpg,80,50
r335d7064t.jpg,55,90
r24a32ea2t.jpg,80,85
r3324256ft.jpg,90,60
r2baddf3et.jpg,65,50
r2188ccc4t.jpg,80,100
r2b444bd2t.jpg,55,100
r38d47de0t.jpg,75,55
r3979811bt.jpg,90,85
r3276d32ct.jpg,80,60
r39a8b2f2t.jpg,75,60
r3e875138t.jpg,50,50
r34c58724t.jpg,55,95
r2cb4e7bet.jpg,50,90
r27e95abbt.jpg,70,90
r365f29a9t.jpg,55,95
r24454e05t.jpg,75,70
r32d6010ct.jpg,50,85
r22e74dc7t.jpg,60,90
r38622e05t.jpg,75,50
r36f7a056t.jpg,80,85
r337b44e7t.jpg,80,75
r2e967484t.jpg,70,85
r3cf37aeet.jpg,100,65
r3437c319t.jpg,60,75
r2a410412t.jpg,80,100
r23d1f858t.jpg,85,85
r221dfc60t.jpg,80,50
r2876a4bdt.jpg,60,60
r2da9db0ct.jpg,75,70
r261b4535t.jpg,100,100
r38762553t.jpg,65,70
r2841b7c6t.jpg,55,95
r3e291363t.jpg,50,70
r2ee70920t.jpg,80,95
r2afe21b7t.jpg,85,100
r3bfaf8cbt.jpg,90,60
r2319e58at.jpg,85,75
r3b5172ddt.jpg,70,65
r271bac28t.jpg,75,80
r36fddaa5t.jpg,50,55
r39950dfft.jpg,75,60
r247cead9t.jpg,90,80
r365fd529t.jpg,60,65
r28ad7914t.jpg,75,100
r3782856ct.jpg,100,60
r312c1c66t.jpg,60,75
r2c4bd514t.jpg,60,50
r3b1d6d55t.jpg,95,85
r3cd4c384t.jpg,70,70
r2df7adact.jpg,75,95
r2182877ct.jpg,70,100
r26305b86t.jpg,95,50
r33527a24t.jpg,65,75
r387e73d7t.jpg,85,95
r2ed9a4c1t.jpg,70,65
r241b3030t.jpg,85,75
r28ec0cc3t.jpg,80,70
r319a7e42t.jpg,60,90
r2be4f532t.jpg,70,70
r35aa77bft.jpg,60,65
r34151d25t.jpg,95,50
r26c92b02t.jpg,100,80
r34637198t.jpg,75,95
r25f53957t.jpg,65,50
r30d6d9e8t.jpg,55,85
r2f13af71t.jpg,95,65
r2d9d9c40t.jpg,55,70
r285abc6bt.jpg,60,100
r2458ae26t.jpg,60,70
r3cf485c9t.jpg,70,80
r342bad90t.jpg,85,80
r35a01a3et.jpg,100,85
r2bb8220et.jpg,75,95
r290de7d9t.jpg,100,60
r3d4b674dt.jpg,85,95
r2bf92b3bt.jpg,85,65
r3ae3f859t.jpg,70,100
r20076b1ct.jpg,60,95
r22c000edt.jpg,55,50
r39181167t.jpg,70,80
r37b8d5f6t.jpg,65,95
r33bf9a4ct.jpg,75,65
r2ce47c78t.jpg,55,85
r36db128at.jpg,70,90
r254ad1cct.jpg,55,90
r33aa3507t.jpg,50,65
r29d5acd4t.jpg,85,85
r2d5130cbt.jpg,80,60
r3d3e6aect.jpg,75,70
r3910a007t.jpg,50,60
r28b47e78t.jpg,90,60
r3e81937at.jpg,80,75
r2ce3ea9dt.jpg,50,85
r29700c0ft.jpg,70,55
r21c5b1fet.jpg,75,65
r343d5a8et.jpg,55,75
r3cc0b3eat.jpg,55,50
r31f79d9ct.jpg,90,75
r341d1703t.jpg,70,100
r2f829447t.jpg,55,75
r3b638161t.jpg,75,100
r25f42b16t.jpg,100,50
r24541de1t.jpg,90,90
r2c07a32bt.jpg,65,90
r2bddab98t.jpg,60,75
r221a6861t.jpg,60,80
r210c6e53t.jpg,100,90
r38d1319at.jpg,55,80
r39feb62bt.jpg,75,50
r2204f982t.jpg,95,55
r2db3db79t.jpg,55,100
r29143ba3t.jpg,70,60
r2731d673t.jpg,85,85
r3197ab81t.jpg,100,55
r2fa39620t.jpg,55,85
r2f0590eet.jpg,80,60
r21cffc69t.jpg,90,55
r2b6c69ebt.jpg,55,100
r373ae761t.jpg,60,70
r3a9e3eb2t.jpg,65,80
r2e2cf078t.jpg,95,65
r2410fbc3t.jpg,50,90
r2408c184t.jpg,70,85
r37567f1dt.jpg,60,85
r21ea8f3dt.jpg,75,50
r22c85aact.jpg,50,90
r2a2aa8d0t.jpg,55,100
r21694fb0t.jpg,65,100
r3abb71b4t.jpg,75,75
r31e6ba60t.jpg,55,80
r219c718bt.jpg,55,65
r3e429600t.jpg,55,85
r3767e64ct.jpg,70,75
r2fbfa2b4t.jpg,70,60
r21d39201t.jpg,70,80
r34a72101t.jpg,100,55
r3c549892t.jpg,75,70
r2bc83978t.jpg,90,75
r26c3ec0ct.jpg,80,85
r31ea7e09t.jpg,95,80
r34b69fbdt.jpg,70,50
r3a599d9ft.jpg,100,100
r355af32bt.jpg,90,60
r30f3cce8t.jpg,55,60
r303e2b8ft.jpg,75,85
r31cfecect.jpg,100,50
r3aed3508t.jpg,85,75
r336aae2at.jpg,55,55
r36eac74bt.jpg,50,55
r2b819784t.jpg,60,85
r36fdf248t.jpg,75,60
r3e47fc04t.jpg,65,50
r2e23921at.jpg,65,60
r22ce45d4t.jpg,95,55
r214f4f4ct.jpg,100,60
r23d08a68t.jpg,80,85
r34cdfe37t.jpg,90,90
r3c238fbbt.jpg,85,65
r384813fct.jpg,80,70
r217309det.jpg,70,80
r395205f9t.jpg,75,100
r3491e781t.jpg,65,60
r2c6e600bt.jpg,100,50
r3a3fe4b6t.jpg,55,55
r2ca2505dt.jpg,50,85
r3725d9ddt.jpg,95,85
r3419072dt.jpg,50,80
r39c33636t.jpg,90,95
r275abf32t.jpg,90,95
r2d8a4c42t.jpg,100,90
r250219fct.jpg,95,65
r34bba3f9t.jpg,75,65
r3972e5dbt.jpg,55,80
r22f4b2c9t.jpg,55,90
r27fc2dbbt.jpg,75,100
r2119f257t.jpg,50,65
r360722f4t.jpg,85,50
r27ca8c36t.jpg,85,55
r2ab1519at.jpg,85,85
r25bd2f83t.jpg,90,100
r3639e3f4t.jpg,55,50
r31935007t.jpg,90,50
r2c3e8cf5t.jpg,100,60
r3ba1827ft.jpg,80,75
r398952ebt.jpg,85,50
r2edc54c5t.jpg,80,80
r25ed3a60t.jpg,70,55
r2dba464at.jpg,50,75
r233ca958t.jpg,60,100
r3c3a30d2t.jpg,80,50
r38121738t.jpg,70,75
r37c8fe18t.jpg,85,50
r37db35d0t.jpg,85,55
r386e7514t.jpg,75,80
r23f2406at.jpg,100,65
r2449c151t.jpg,90,60
r2261eff5t.jpg,75,75
r2d16ba52t.jpg,75,100
r24eb5907t.jpg,90,55
r2326fa62t.jpg,50,70
r2916fc7ct.jpg,85,70
r3ac1b78et.jpg,90,100
r3578b029t.jpg,65,65
r2b64d392t.jpg,80,75
r212c8ba8t.jpg,80,65
r3164cd99t.jpg,85,80
r3a6d0551t.jpg,60,60
r3452748at.jpg,75,100
r2ffb5a17t.jpg,65,85
r3c9557d3t.jpg,55,90
r26e5f504t.jpg,95,60
r2cf57085t.jpg,85,55
r25805598t.jpg,85,100
r2842168et.jpg,90,95
r29e81c01t.jpg,75,75
r34f7e663t.jpg,85,95
r39436d87t.jpg,80,55
r25dcf511t.jpg,80,90
r26e8e58dt.jpg,80,65
r2b7e2808t.jpg,60,80
r3992c3act.jpg,65,90
r2ac482act.jpg,55,60
r3027667at.jpg,80,65
r29a8a127t.jpg,95,100
r3b192145t.jpg,75,75
r3206d2cdt.jpg,100,55
r319e1687t.jpg,95,65
r3131263et.jpg,55,95
r2041f4dbt.jpg,50,65
r23bf9efdt.jpg,80,80
r29059f5dt.jpg,90,50
r28392cb0t.jpg,100,70
r31407c4ct.jpg,90,65
r3046e743t.jpg,50,95
r2979a90bt.jpg,65,55
r381a88d3t.jpg,60,50
r27403c48t.jpg,85,90
r3793daddt.jpg,55,95
r24dcc781t.jpg,60,50
r3d67144et.jpg,90,55
r3128f065t.jpg,100,60
r28a1f004t.jpg,70,85
r2a86c2c9t.jpg,50,90
r2958fda1t.jpg,80,55
r360d93e1t.jpg,75,65
r37b01d7dt.jpg,55,70
r361feefft.jpg,100,95
r3db9bd34t.jpg,55,55
r3313540at.jpg,55,85
