img,qf_1,qf_2,block_number
r146771d7t.jpg,60,55,81.0
r1e3303ebt.jpg,90,50,182.0
r1a2095b2t.jpg,50,60,224.0
r15dfc1b8t.jpg,100,55,64.0
r02897203t.jpg,50,100,540.0
r1d1cf607t.jpg,75,95,207.0
r1d527f65t.jpg,70,100,90.0
r0fb0a690t.jpg,100,50,210.0
r18d72ab2t.jpg,85,70,104.0
r0ce35df8t.jpg,60,85,650.0
r061e2ecft.jpg,55,90,162.0
r0fdfc4f0t.jpg,65,75,115.0
r133bb357t.jpg,95,95,124.0
r0fd69c12t.jpg,80,75,180.0
r121f7893t.jpg,95,70,192.0
r1023c21et.jpg,65,90,476.0
r0bc0e549t.jpg,80,50,42.0
r1bc23d6et.jpg,60,70,364.0
r1900f7c7t.jpg,65,50,14.0
r0bc7d0eet.jpg,85,80,8.0
r07ece355t.jpg,55,100,252.0
r116825e2t.jpg,50,90,361.0
r00b3931bt.jpg,85,55,420.0
r03aa5df1t.jpg,80,85,195.0
r0d8d62edt.jpg,75,100,676.0
r1a9783cdt.jpg,85,80,297.0
r053d2196t.jpg,85,60,840.0
r008ed083t.jpg,60,75,209.0
r07c47354t.jpg,55,70,375.0
r1ab1679et.jpg,75,100,336.0
r0b0e2ba5t.jpg,85,95,135.0
r13dab3c7t.jpg,75,90,112.0
r1d3bc675t.jpg,75,75,260.0
r01a31693t.jpg,60,75,360.0
r0f5beb66t.jpg,95,60,155.0
r0b5b85d0t.jpg,55,85,399.0
r17754c77t.jpg,60,70,667.0
r1618da9dt.jpg,65,60,930.0
r110b4219t.jpg,80,65,336.0
r110f894ft.jpg,65,90,155.0
r1c402787t.jpg,80,75,84.0
r145221d9t.jpg,60,55,527.0
r01511e3et.jpg,90,80,16.0
r1bdb6385t.jpg,55,55,560.0
r1ef15cb3t.jpg,55,50,48.0
r1a7bb1d6t.jpg,95,85,609.0
r088dcebft.jpg,60,75,46.0
r06cad2d6t.jpg,95,75,243.0
r1ca0784dt.jpg,75,50,304.0
r1db5be20t.jpg,75,95,300.0
r129f24bet.jpg,70,50,84.0
r1bc3dd23t.jpg,60,85,30.0
r108ba35et.jpg,65,100,115.0
r0f8e5907t.jpg,85,85,432.0
r1c2ac865t.jpg,85,50,390.0
r1cfe520bt.jpg,60,50,372.0
r028896d3t.jpg,75,85,18.0
r1828d94at.jpg,65,50,70.0
r0c5e9567t.jpg,50,60,18.0
r0c9910e4t.jpg,60,100,180.0
r13a9002bt.jpg,95,55,168.0
r113ee9edt.jpg,95,60,24.0
r0b5a3035t.jpg,55,90,78.0
r09f764ect.jpg,65,80,52.0
r11a4e1cbt.jpg,95,90,100.0
r09d5cb41t.jpg,95,70,261.0
r0150031ft.jpg,50,70,391.0
r000da54ft.jpg,85,50,108.0
r006fcc20t.jpg,85,100,279.0
r02f1ba48t.jpg,95,55,99.0
r12cbfb1et.jpg,80,95,450.0
r0deb6dadt.jpg,95,70,84.0
r031917act.jpg,90,85,261.0
r069e346et.jpg,75,65,15.0
r14bfe6f4t.jpg,75,85,187.0
r0bc1a779t.jpg,55,95,380.0
r082626aft.jpg,95,95,391.0
r04e7644dt.jpg,70,55,120.0
r05243256t.jpg,75,65,273.0
r1e9082f9t.jpg,85,65,288.0
r195a5f44t.jpg,60,50,20.0
r050e1024t.jpg,90,80,126.0
r084889d5t.jpg,50,90,55.0
r11c4de0et.jpg,70,80,403.0
r0487f5cet.jpg,50,70,50.0
r1419078bt.jpg,85,55,250.0
r16d6c35dt.jpg,100,50,651.0
r0b13d2a2t.jpg,85,80,210.0
r063d8a61t.jpg,60,80,493.0
r0fbd0c71t.jpg,85,50,352.0
r115e2464t.jpg,70,65,297.0
r123ca9b3t.jpg,50,55,56.0
r18798194t.jpg,60,95,189.0
r1f23f4ddt.jpg,60,80,76.0
r0941aa38t.jpg,70,80,837.0
r06836fdat.jpg,100,85,50.0
r0450c4c0t.jpg,100,60,552.0
r1d9a31fct.jpg,80,95,8.0
r0c764979t.jpg,90,75,360.0
r037a250ft.jpg,90,55,128.0
r03f41fdct.jpg,55,95,322.0
r07c51648t.jpg,85,95,352.0
r0b3979d0t.jpg,60,95,40.0
r07b99141t.jpg,95,65,609.0
r16422663t.jpg,65,85,368.0
r062b9259t.jpg,95,55,126.0
r1bc3a653t.jpg,50,75,33.0
r1de76a54t.jpg,50,85,506.0
r065472d8t.jpg,70,85,120.0
r015b453ft.jpg,50,65,203.0
r01a5f38at.jpg,85,65,468.0
r12c5f70bt.jpg,65,85,432.0
r0fbb5bc1t.jpg,70,50,44.0
r17228bbdt.jpg,65,95,69.0
r13a5bb6bt.jpg,55,65,102.0
r0a808003t.jpg,90,60,221.0
r14a51689t.jpg,95,65,154.0
r1c23e440t.jpg,65,60,899.0
r0ed844b5t.jpg,65,95,80.0
r0eab8214t.jpg,85,75,513.0
r103a4f26t.jpg,55,90,105.0
r0191aaf4t.jpg,95,95,120.0
r0701ca45t.jpg,60,65,30.0
r129f09b4t.jpg,80,90,270.0
r0cde6159t.jpg,60,85,54.0
r113b7fb4t.jpg,100,95,116.0
r0b99ac3ct.jpg,85,80,15.0
r0fbe1b0ft.jpg,75,65,112.0
r059cae86t.jpg,50,55,60.0
r0bbd0b0et.jpg,80,90,42.0
r0428df0ct.jpg,50,100,638.0
r03c8ddcft.jpg,80,70,279.0
r1cc04f4ft.jpg,80,95,266.0
r0676c50at.jpg,85,100,187.0
r1a2d8b02t.jpg,55,70,522.0
r179ed8d7t.jpg,75,55,525.0
r0a94587ft.jpg,75,55,45.0
r012b0f30t.jpg,50,85,384.0
r09c15af7t.jpg,65,80,310.0
r0f98115dt.jpg,75,75,299.0
r018ba134t.jpg,100,80,66.0
r11e134c7t.jpg,60,65,506.0
r0225b88bt.jpg,65,90,168.0
r0f71782et.jpg,70,90,150.0
r0667a51ft.jpg,70,65,899.0
r0d0ff4c2t.jpg,50,55,340.0
r1c146589t.jpg,65,75,66.0
r13c85634t.jpg,85,85,33.0
r16d46fa3t.jpg,65,90,58.0
r1b32a6bct.jpg,80,55,39.0
r17afaaa1t.jpg,50,65,50.0
r09dc6407t.jpg,55,100,55.0
r1a7b8c42t.jpg,75,65,725.0
r087a13a6t.jpg,85,95,27.0
r0809811bt.jpg,85,85,124.0
r1ea13eb4t.jpg,90,70,378.0
r04851bf9t.jpg,65,85,44.0
r0b0cd69et.jpg,90,75,810.0
r0c3a8ea0t.jpg,75,50,312.0
r131a8f7et.jpg,85,90,144.0
r1a5903fct.jpg,85,75,312.0
r052df821t.jpg,70,50,64.0
r1645a09ct.jpg,85,85,36.0
r1c09b002t.jpg,50,100,192.0
r1cd8d9a4t.jpg,70,65,260.0
r13c19caft.jpg,95,75,575.0
r07e35007t.jpg,85,75,30.0
r0b665b37t.jpg,80,95,462.0
r0fbf62f8t.jpg,70,55,143.0
r1717ae55t.jpg,50,90,18.0
r1f48d12dt.jpg,55,85,10.0
r1c070921t.jpg,60,95,147.0
r05f3f6a5t.jpg,90,70,120.0
r177fb9f1t.jpg,80,50,70.0
r1c9fdcf4t.jpg,70,80,238.0
r10940798t.jpg,95,55,22.0
r125034a9t.jpg,80,65,65.0
r0d203f37t.jpg,55,95,540.0
r16da5576t.jpg,85,80,120.0
r03193652t.jpg,65,80,180.0
r1344c943t.jpg,85,100,525.0
r1dd998dft.jpg,55,80,95.0
r101af5b4t.jpg,55,65,81.0
r0db31c3ft.jpg,65,60,8.0
r14dd8f91t.jpg,70,80,125.0
r141e4467t.jpg,80,95,280.0
r13837601t.jpg,75,90,744.0
r14ca1259t.jpg,75,90,176.0
r1a8ee526t.jpg,100,75,459.0
r059ce7d0t.jpg,55,85,408.0
r0c03e364t.jpg,100,75,660.0
r16192cf0t.jpg,75,95,91.0
r193b12aet.jpg,70,70,400.0
r133c5a52t.jpg,55,55,754.0
r16dca6f2t.jpg,80,60,310.0
r0de97473t.jpg,100,85,81.0
r0355b2d5t.jpg,90,65,403.0
r0cd4ffb0t.jpg,85,90,36.0
r07df029bt.jpg,60,95,416.0
r0f6250d2t.jpg,80,55,352.0
r0b07b945t.jpg,95,75,720.0
r0a10fe29t.jpg,65,95,44.0
r19d92967t.jpg,80,100,30.0
r171eeaf8t.jpg,85,90,364.0
r0fe270aet.jpg,90,100,30.0
r0e5b5159t.jpg,80,50,750.0
r0a2ff882t.jpg,55,100,130.0
r13073518t.jpg,75,100,352.0
r097d3563t.jpg,90,95,210.0
r1a57cb29t.jpg,90,80,589.0
r042d7b17t.jpg,95,55,700.0
r187df69ft.jpg,95,65,243.0
r096982ddt.jpg,65,85,156.0
r1a1d24b2t.jpg,80,95,550.0
r0f86049ct.jpg,55,85,135.0
r1b8b1b14t.jpg,50,55,132.0
r08b05c94t.jpg,90,50,248.0
r017904f0t.jpg,65,85,630.0
r1f16e2abt.jpg,60,70,575.0
r07e242b7t.jpg,75,50,117.0
r036e2a9at.jpg,75,50,88.0
r1f40decct.jpg,95,70,306.0
r00c4a543t.jpg,80,60,300.0
r0ba4c4c0t.jpg,95,60,224.0
r1b09da9ct.jpg,50,90,45.0
r022af74ct.jpg,75,50,26.0
r17217693t.jpg,65,65,221.0
r1a7feb2bt.jpg,80,65,32.0
r15a0b476t.jpg,90,95,60.0
r001d260dt.jpg,55,50,320.0
r03640e97t.jpg,75,60,238.0
r072d955bt.jpg,55,90,432.0
r0d796d4ft.jpg,65,65,300.0
r1d00d8ect.jpg,95,55,696.0
r0ed16e26t.jpg,50,85,168.0
r0f91360ct.jpg,75,55,234.0
r171d73aat.jpg,80,55,40.0
r1077d1f2t.jpg,65,60,88.0
r0f979863t.jpg,90,95,124.0
r01170470t.jpg,70,90,364.0
r194c49f5t.jpg,65,90,192.0
r13907965t.jpg,60,60,96.0
r0cfedd72t.jpg,75,70,480.0
r04eb0d0ft.jpg,55,50,56.0
r1426cde6t.jpg,60,80,476.0
r042d5308t.jpg,90,65,720.0
r0515a051t.jpg,85,85,145.0
r0b82ae9bt.jpg,50,95,550.0
r0a54ed98t.jpg,90,100,80.0
r1234de87t.jpg,50,90,20.0
r0703243bt.jpg,50,50,320.0
r134ba6abt.jpg,85,60,290.0
r01292fd8t.jpg,55,70,39.0
r01291f20t.jpg,85,90,238.0
r1570dd6at.jpg,50,50,40.0
r061433aft.jpg,65,50,217.0
r0438eb97t.jpg,90,55,357.0
r1be4943bt.jpg,95,70,667.0
r127608abt.jpg,80,80,372.0
r06e1a520t.jpg,80,55,156.0
r01559391t.jpg,75,90,575.0
r144e095dt.jpg,60,100,360.0
r05db7e7ft.jpg,95,100,288.0
r1e3b4cdft.jpg,55,55,98.0
r0985dc6ct.jpg,100,100,486.0
r0c6cf00bt.jpg,75,60,810.0
r185929e9t.jpg,85,70,837.0
r180a7062t.jpg,95,60,286.0
r1c5ec853t.jpg,65,95,15.0
r1ebee709t.jpg,60,90,360.0
r0d0ff43at.jpg,75,65,780.0
r1c874ac4t.jpg,80,50,224.0
r0a776764t.jpg,80,75,48.0
r09d7cd4et.jpg,60,80,242.0
r094ced7bt.jpg,55,65,616.0
r142335f0t.jpg,100,60,105.0
r0f36ba1bt.jpg,90,60,294.0
r1b2765ebt.jpg,65,50,475.0
r03f70ccdt.jpg,50,75,525.0
r040bf4a5t.jpg,75,50,64.0
r1d431afft.jpg,70,50,84.0
r1c4deb71t.jpg,100,100,806.0
r1f3e6681t.jpg,90,95,810.0
r0356ea60t.jpg,90,85,30.0
r1a7346d0t.jpg,85,60,58.0
r107730b5t.jpg,100,50,150.0
r04395e54t.jpg,85,80,260.0
r13fccd2ft.jpg,90,50,54.0
r0b03e77at.jpg,60,80,57.0
r1baf2ce0t.jpg,60,95,112.0
r159d3942t.jpg,60,55,16.0
r038922cbt.jpg,80,65,644.0
r0aaa70c3t.jpg,100,75,529.0
r1ab0bb20t.jpg,55,70,783.0
r137bcd7at.jpg,75,65,232.0
r1db1c478t.jpg,70,70,247.0
r1dd9d6bft.jpg,70,85,294.0
r115c449dt.jpg,50,60,40.0
r16a02a12t.jpg,85,85,72.0
r02513d19t.jpg,80,55,33.0
r1c243af7t.jpg,90,70,64.0
r17c76042t.jpg,80,50,91.0
r01cf60c7t.jpg,100,80,396.0
r0176fbcat.jpg,75,75,868.0
r12daa983t.jpg,75,75,105.0
r04108c64t.jpg,70,50,390.0
r198ae140t.jpg,65,100,52.0
r1b177fe1t.jpg,50,75,209.0
r06888d38t.jpg,55,85,224.0
r0200a7a6t.jpg,80,95,414.0
r08079988t.jpg,85,55,114.0
r05ac4560t.jpg,70,60,130.0
r1d16ad1et.jpg,85,60,81.0
r0b61ed37t.jpg,70,55,156.0
r026cedb7t.jpg,95,100,93.0
r1e14f45ct.jpg,55,80,30.0
r00679daet.jpg,55,55,418.0
r165355c0t.jpg,70,70,60.0
r1a0968bft.jpg,50,90,403.0
r1301676dt.jpg,60,95,546.0
r113402d4t.jpg,95,85,460.0
r08276bf9t.jpg,70,70,66.0
r1a11b3c0t.jpg,85,90,340.0
r1ead3024t.jpg,50,80,24.0
r1c4ae120t.jpg,80,65,961.0
r04aceb4et.jpg,55,50,841.0
r1ea8ccbbt.jpg,65,70,150.0
r1be2a3d5t.jpg,75,55,96.0
r12ed2816t.jpg,55,75,288.0
r08788547t.jpg,75,65,899.0
r0dd60980t.jpg,90,100,110.0
r0fe7b1c6t.jpg,50,70,162.0
r1bfbaab3t.jpg,50,50,494.0
r01058910t.jpg,75,95,152.0
r0fae3dbdt.jpg,80,75,27.0
r1ca2ef38t.jpg,50,55,310.0
r0eba1984t.jpg,90,65,288.0
r072649fdt.jpg,85,80,784.0
r07f22efdt.jpg,65,55,145.0
r1322c4d6t.jpg,65,80,558.0
r0eb9e900t.jpg,70,85,242.0
r08996953t.jpg,65,70,408.0
r041c02cat.jpg,65,85,192.0
r0eb07be3t.jpg,80,80,33.0
r1bc4e4act.jpg,70,60,54.0
r1eff17eft.jpg,90,90,560.0
r026b5360t.jpg,50,50,285.0
r0603031et.jpg,55,70,105.0
r03d2a758t.jpg,90,80,350.0
r08df6903t.jpg,85,95,12.0
r0141f0c9t.jpg,75,95,484.0
r1b6c1adbt.jpg,80,60,36.0
r1bf4e594t.jpg,55,95,98.0
r18d866e1t.jpg,95,55,465.0
r1d93553ct.jpg,70,50,300.0
r048c50d0t.jpg,95,60,609.0
r12f3bbfat.jpg,70,60,144.0
r0e1a6e2ft.jpg,65,50,42.0
r0eedd456t.jpg,50,60,442.0
r184f08dat.jpg,100,65,135.0
r01474187t.jpg,90,75,280.0
r08cbbab9t.jpg,65,75,85.0
r1904147dt.jpg,85,55,252.0
r02354285t.jpg,85,55,308.0
r04989a70t.jpg,100,70,468.0
r1b790721t.jpg,100,55,506.0
r1c6377bat.jpg,80,90,48.0
r0ab7202ft.jpg,50,85,190.0
r06bfc92at.jpg,85,50,153.0
r0ed019a4t.jpg,65,95,242.0
r0fa077bet.jpg,85,55,72.0
r0a19cb85t.jpg,85,95,90.0
r0a9384b1t.jpg,85,80,51.0
r0d280006t.jpg,55,75,550.0
r04cfa379t.jpg,80,55,6.0
r15919202t.jpg,95,50,286.0
r02b3a1ddt.jpg,95,90,375.0
r19fe3107t.jpg,95,90,81.0
r116ce066t.jpg,80,100,204.0
r09c8e042t.jpg,50,70,468.0
r1580c37ft.jpg,100,65,432.0
r027a692ft.jpg,85,50,91.0
r021429abt.jpg,60,50,696.0
r08abaa78t.jpg,70,95,12.0
r0284aa1at.jpg,95,55,27.0
r0527f7e6t.jpg,60,50,594.0
r098a8a22t.jpg,90,65,60.0
r1dc4077at.jpg,95,80,124.0
r13bb381ct.jpg,70,55,75.0
r04317453t.jpg,55,65,525.0
r0518cf5dt.jpg,75,75,10.0
r18e0516bt.jpg,75,85,168.0
r0e965ba7t.jpg,70,60,66.0
r175da907t.jpg,65,55,154.0
r0a0852c6t.jpg,70,100,812.0
r018e74fet.jpg,100,65,20.0
r09d50960t.jpg,100,55,400.0
r1ae12b3ft.jpg,65,75,286.0
r1c83ec1dt.jpg,100,100,180.0
r10ab8058t.jpg,100,95,416.0
r1218b33at.jpg,100,100,186.0
r1ad3fa6dt.jpg,50,85,286.0
r056daad2t.jpg,50,95,60.0
r1ec70fd3t.jpg,75,90,84.0
r1915909et.jpg,90,80,60.0
r0b76b82ft.jpg,75,50,8.0
r1d9eaf70t.jpg,70,70,153.0
r0250eb80t.jpg,100,75,100.0
r056c0ee6t.jpg,75,80,144.0
r1e8acc5ct.jpg,75,65,576.0
r13a16a0at.jpg,55,60,12.0
r15dcfacct.jpg,95,95,60.0
r0db6cc31t.jpg,70,80,90.0
r09245347t.jpg,90,70,117.0
r191488c6t.jpg,75,70,260.0
r135df877t.jpg,75,80,486.0
r0c8f3ce5t.jpg,90,85,32.0
r1cad9823t.jpg,65,90,44.0
r104153eat.jpg,50,95,624.0
r1ceba29dt.jpg,95,50,90.0
r17f60607t.jpg,90,90,812.0
r0f3f14cbt.jpg,95,75,84.0
r12cf98bet.jpg,100,55,96.0
r1c56a2bct.jpg,85,50,651.0
r1a7e4791t.jpg,85,85,330.0
r1ca254b2t.jpg,65,65,621.0
r1de108dft.jpg,100,60,64.0
r1a170ddbt.jpg,70,85,153.0
r14902ba4t.jpg,50,70,147.0
r06b161adt.jpg,60,85,364.0
r0b591bc3t.jpg,50,70,62.0
r165fbf4ft.jpg,100,70,90.0
r0b50b69ct.jpg,75,80,425.0
r11e26097t.jpg,50,75,40.0
r18fafe10t.jpg,50,70,280.0
r052e9174t.jpg,50,100,546.0
r1dea56e5t.jpg,80,75,15.0
r1f5ad4e0t.jpg,85,60,252.0
r182ed662t.jpg,60,80,396.0
r1824034et.jpg,65,50,399.0
r05839451t.jpg,75,85,40.0
r0648cff8t.jpg,65,75,180.0
r02d732f8t.jpg,50,95,56.0
r15885978t.jpg,65,85,48.0
r02f5c155t.jpg,95,80,92.0
r13b5b161t.jpg,75,90,221.0
r1a9acd94t.jpg,55,85,66.0
r1011a436t.jpg,90,100,15.0
r0c0d0adct.jpg,55,95,180.0
r05772356t.jpg,55,80,558.0
r0adac68bt.jpg,65,60,216.0
r141669e5t.jpg,75,55,234.0
r0b17fd57t.jpg,100,85,75.0
r180bcbd7t.jpg,65,100,22.0
r1f4f8a51t.jpg,100,100,18.0
r1c99500bt.jpg,50,65,54.0
r12d4cabat.jpg,100,80,160.0
r1461e2d7t.jpg,50,95,253.0
r14289905t.jpg,50,100,50.0
r06aa7dabt.jpg,90,70,323.0
r049f471dt.jpg,75,95,384.0
r083ca67ct.jpg,85,70,85.0
r1b9e9917t.jpg,70,90,24.0
r0f5475b5t.jpg,90,85,638.0
r0ebdd2d2t.jpg,55,65,210.0
r0b42926ct.jpg,90,100,108.0
r1882b6e6t.jpg,65,75,399.0
r1e9ae164t.jpg,70,80,360.0
r0dd7b354t.jpg,75,75,340.0
r0a8e5f8at.jpg,90,90,133.0
r150058a4t.jpg,90,85,186.0
r08873591t.jpg,55,100,494.0
r089cae91t.jpg,90,95,120.0
r09445479t.jpg,65,80,168.0
r1e69b067t.jpg,50,70,360.0
r1ef8b85ft.jpg,55,90,48.0
r13f26c35t.jpg,80,65,45.0
r1df374c1t.jpg,60,100,25.0
r03389e9bt.jpg,80,55,12.0
r163317d6t.jpg,100,75,33.0
r0a18e454t.jpg,70,95,78.0
r1ca6cc12t.jpg,90,95,120.0
r1594b4b3t.jpg,60,70,92.0
r1b547547t.jpg,75,90,408.0
r097555c4t.jpg,65,100,261.0
r15d1c836t.jpg,50,70,184.0
r066ef803t.jpg,80,90,24.0
r02508493t.jpg,60,65,234.0
r03995a8ct.jpg,55,60,208.0
r062cab38t.jpg,95,75,289.0
r05d9d749t.jpg,80,60,364.0
r1f4a44a7t.jpg,55,90,22.0
r08d9a0cet.jpg,50,65,36.0
r19ba7288t.jpg,60,75,120.0
r085bdbe2t.jpg,95,55,375.0
r08b12799t.jpg,80,95,114.0
r125f6e84t.jpg,95,80,77.0
r1c31a90bt.jpg,60,55,286.0
r0708431at.jpg,75,100,378.0
r125442fat.jpg,75,85,425.0
r15499cd8t.jpg,65,75,90.0
r1da851e4t.jpg,100,60,224.0
r0f1a3f00t.jpg,55,60,84.0
r0db011b4t.jpg,60,80,198.0
r04160d64t.jpg,80,70,667.0
r12e170d4t.jpg,60,65,310.0
r1b262b72t.jpg,55,100,140.0
r0589558at.jpg,55,100,16.0
r18791531t.jpg,95,55,476.0
r1655a008t.jpg,90,95,126.0
r0314c3f9t.jpg,70,75,72.0
r1c717a46t.jpg,65,100,52.0
r144f25eet.jpg,100,100,483.0
r0f6d3b31t.jpg,50,80,154.0
r1a91c337t.jpg,75,80,161.0
r08414c5at.jpg,60,65,550.0
r1aef663et.jpg,85,75,108.0
r132d538et.jpg,75,95,260.0
r0cc5a33ct.jpg,50,65,208.0
r1639a65ct.jpg,100,90,242.0
r0ebb5ca2t.jpg,85,50,480.0
r0ae68527t.jpg,80,55,90.0
r0cea5432t.jpg,75,70,420.0
r173ee7e8t.jpg,95,50,273.0
r047aa954t.jpg,70,90,360.0
r0b7b1156t.jpg,75,85,6.0
r05a7750et.jpg,80,55,270.0
r1e367d35t.jpg,50,70,550.0
r040b3002t.jpg,65,100,30.0
r16ea6386t.jpg,60,95,319.0
r0c2fb2a1t.jpg,70,65,119.0
r19c9183at.jpg,60,50,486.0
r14c2d3fct.jpg,90,75,208.0
r0ebb0bb4t.jpg,65,50,152.0
r08c76321t.jpg,65,80,775.0
r142b504bt.jpg,100,100,465.0
r05f66e6dt.jpg,85,70,728.0
r05d59d7ct.jpg,75,80,621.0
r1b165d45t.jpg,90,85,154.0
r18ea00c8t.jpg,80,70,21.0
r03cef811t.jpg,65,70,621.0
r12638c95t.jpg,65,50,36.0
r1d47bfc2t.jpg,50,50,338.0
r192ae577t.jpg,60,75,450.0
r012d1dbet.jpg,80,70,156.0
r05bf2f53t.jpg,95,50,870.0
r0ac70243t.jpg,85,60,425.0
r1d679eaet.jpg,55,90,204.0
r110cc74ct.jpg,95,95,168.0
r1bc355f2t.jpg,55,90,527.0
r0149a21ct.jpg,75,90,30.0
r061db45ft.jpg,90,55,496.0
r0e63dd12t.jpg,100,90,450.0
r1ddc0c98t.jpg,55,85,364.0
r1aa7459at.jpg,50,95,286.0
r0eb8dfb5t.jpg,65,55,609.0
r19b49f2ct.jpg,100,100,58.0
r138ad247t.jpg,80,50,171.0
r0fc39b66t.jpg,90,75,312.0
r197770adt.jpg,100,70,266.0
r0faffef3t.jpg,95,80,243.0
r169a9b07t.jpg,85,55,460.0
r10944b31t.jpg,85,90,496.0
r1104e9e6t.jpg,55,75,210.0
r19924edft.jpg,95,55,352.0
r02059ab4t.jpg,55,65,140.0
r0c9e4ff8t.jpg,95,50,76.0
r0bc87c20t.jpg,55,90,30.0
r0f137652t.jpg,100,75,144.0
r0f2c63d2t.jpg,60,70,374.0
r1ad2de34t.jpg,50,75,52.0
r11850456t.jpg,95,55,108.0
r1ad9cd64t.jpg,70,95,63.0
r02189767t.jpg,60,50,550.0
r0207a52ct.jpg,55,55,36.0
r09a60f63t.jpg,50,80,110.0
r084a4ccet.jpg,90,60,253.0
r1743fb6bt.jpg,80,90,54.0
r1ee65904t.jpg,100,70,528.0
r18393aeet.jpg,100,55,190.0
r0b755540t.jpg,100,100,450.0
r1aa4cc99t.jpg,100,50,200.0
r18d1abact.jpg,100,90,203.0
r0fef53bft.jpg,60,55,132.0
r1bca2388t.jpg,100,95,598.0
r163967d4t.jpg,100,100,720.0
r0c32591dt.jpg,65,70,558.0
r039a851bt.jpg,75,80,725.0
r1a845144t.jpg,95,75,589.0
r04e818bat.jpg,55,100,104.0
r1468a9e1t.jpg,50,90,70.0
r19835fbft.jpg,55,50,870.0
r029afdb0t.jpg,90,95,297.0
r1c1e3ec9t.jpg,80,80,378.0
r1934e29ft.jpg,50,75,187.0
r1069cdabt.jpg,80,60,150.0
r01cbb7fdt.jpg,55,80,270.0
r169c7350t.jpg,80,90,672.0
r09b86185t.jpg,55,85,92.0
r01d0b83bt.jpg,85,55,48.0
r137f062ft.jpg,50,80,696.0
r13b45303t.jpg,75,55,486.0
r0e593c46t.jpg,95,100,70.0
r13c7e92dt.jpg,95,65,54.0
r05718fd6t.jpg,80,75,105.0
r1bddecd6t.jpg,75,100,192.0
r0f2e6baft.jpg,95,50,84.0
r0c925d34t.jpg,95,80,56.0
r0b4d8af5t.jpg,70,70,702.0
r11865f77t.jpg,75,75,209.0
r0c795771t.jpg,90,85,169.0
r056d6bebt.jpg,70,85,525.0
r0897d8aat.jpg,95,60,88.0
r1683028at.jpg,100,90,234.0
r1a28d44bt.jpg,90,80,78.0
r140f3432t.jpg,90,85,713.0
r05647b9at.jpg,60,50,299.0
r1e56884ft.jpg,50,90,56.0
r1b61c7b1t.jpg,60,65,416.0
r06a52b7bt.jpg,55,70,416.0
r0f38373ct.jpg,65,90,308.0
r0c1de5e1t.jpg,85,50,360.0
r0f4ece9bt.jpg,100,80,312.0
r11d981d2t.jpg,85,50,255.0
r0905697bt.jpg,60,95,152.0
r09851aa4t.jpg,65,80,20.0
r070a874ct.jpg,95,80,75.0
r077507cat.jpg,75,55,210.0
r0773471dt.jpg,70,65,729.0
r08307e1at.jpg,50,95,100.0
r141665bdt.jpg,95,100,441.0
r1aa63558t.jpg,65,85,456.0
r1b106abdt.jpg,50,90,207.0
r1cfc8ddat.jpg,80,70,418.0
r12c64de9t.jpg,80,90,140.0
r14c67ed2t.jpg,85,90,572.0
r1f2f31e2t.jpg,95,70,567.0
r0a966704t.jpg,75,80,85.0
r0b59fc2bt.jpg,60,70,868.0
r0b3220e1t.jpg,95,95,279.0
r083b7636t.jpg,60,55,420.0
r1f1178cet.jpg,70,60,308.0
r09488b39t.jpg,100,85,248.0
r10f888c2t.jpg,95,60,480.0
r094cf3c6t.jpg,55,90,136.0
r0a5d7cb6t.jpg,95,55,294.0
r16698b6et.jpg,95,50,252.0
r0a71c689t.jpg,70,75,520.0
r1d99d1f3t.jpg,80,50,775.0
r0c1f588dt.jpg,100,85,324.0
r01ef1b4at.jpg,75,60,216.0
r1e52a39dt.jpg,55,65,550.0
r1554cfadt.jpg,50,95,572.0
r108301e3t.jpg,85,85,252.0
r0b985828t.jpg,55,70,304.0
r1a9de6e9t.jpg,75,85,187.0
r0ab0a205t.jpg,95,95,306.0
r1cc0e4e1t.jpg,50,75,42.0
r07598392t.jpg,100,75,378.0
r1dbe1b11t.jpg,90,80,348.0
r1c9fc42at.jpg,75,90,63.0
r02210c2at.jpg,90,55,44.0
r081ad6a3t.jpg,75,90,182.0
r1f11809bt.jpg,100,100,525.0
r1d4377f7t.jpg,85,90,650.0
r101e18b6t.jpg,55,70,24.0
r0f8a1531t.jpg,55,65,496.0
r10893508t.jpg,50,90,266.0
r01d9da09t.jpg,75,60,253.0
r15028ceft.jpg,75,70,418.0
r142787e2t.jpg,75,50,364.0
r072421a1t.jpg,85,90,576.0
r033bb79dt.jpg,60,95,340.0
r154d7294t.jpg,70,65,551.0
r0a3c52a0t.jpg,95,95,403.0
r006b0e4bt.jpg,60,50,72.0
r1a4651edt.jpg,100,75,248.0
r0a42c0f6t.jpg,80,80,338.0
r179bb406t.jpg,55,95,156.0
r11b292cbt.jpg,70,85,493.0
r0a4ce555t.jpg,80,80,336.0
r1889220ft.jpg,70,95,290.0
r09a79474t.jpg,100,90,184.0
r11a7deb7t.jpg,65,90,98.0
r085a5f53t.jpg,55,55,342.0
r1866b73at.jpg,60,90,621.0
r1aa43470t.jpg,65,90,234.0
r1267fa5bt.jpg,70,70,152.0
r1c5a4928t.jpg,85,95,783.0
r12946364t.jpg,85,65,92.0
r08f2d4c6t.jpg,60,65,504.0
r169f694ft.jpg,100,80,330.0
r1810ba7at.jpg,75,55,420.0
r17b873bct.jpg,70,95,68.0
r198ea6a5t.jpg,75,90,238.0
r0e63ca9ft.jpg,80,95,12.0
r0e04cc91t.jpg,85,70,360.0
r0288b58ct.jpg,55,80,588.0
r075baf3ct.jpg,60,90,527.0
r1148801et.jpg,95,85,360.0
r195f12adt.jpg,75,80,285.0
r170632f5t.jpg,65,75,432.0
r07e594d6t.jpg,70,75,434.0
r170df29ct.jpg,50,55,621.0
r1d1d501et.jpg,90,100,64.0
r1bcfab73t.jpg,95,70,147.0
r1a8d7a86t.jpg,50,55,228.0
r145215fft.jpg,80,70,110.0
r09670876t.jpg,60,70,234.0
r08d2b4dat.jpg,90,50,21.0
r14556dabt.jpg,75,80,87.0
r1a8fe570t.jpg,60,55,840.0
r010cb248t.jpg,80,100,68.0
r0a779af2t.jpg,80,100,105.0
r019eb1cbt.jpg,80,75,475.0
r1cde4afbt.jpg,65,85,95.0
r00816405t.jpg,80,55,8.0
r1f2c2acft.jpg,75,70,496.0
r1b4e82c4t.jpg,95,80,450.0
r0e9b0485t.jpg,100,100,330.0
r102b4aa4t.jpg,80,55,81.0
r15eef8b9t.jpg,55,90,105.0
r065a0da9t.jpg,60,90,575.0
r02a21f6ct.jpg,90,100,39.0
r1661f358t.jpg,95,80,120.0
r07ffdc87t.jpg,50,95,806.0
r1a877849t.jpg,75,95,550.0
r0670f47ft.jpg,85,90,414.0
r07f99a1at.jpg,85,70,700.0
r0e35d1fct.jpg,60,70,260.0
r16654024t.jpg,50,55,475.0
r1372056ct.jpg,75,75,290.0
r1126b615t.jpg,100,85,899.0
r1f5c8451t.jpg,50,70,175.0
r1ced1907t.jpg,95,50,290.0
r186c09e4t.jpg,55,90,810.0
r00de2590t.jpg,90,65,196.0
r14a9a843t.jpg,80,95,432.0
r0bbbb097t.jpg,80,60,360.0
r17492cd5t.jpg,90,85,300.0
r1bd70210t.jpg,90,95,133.0
r039a5ef5t.jpg,95,70,117.0
r06691aa5t.jpg,65,80,216.0
r04e19833t.jpg,55,85,62.0
r0249f733t.jpg,70,50,133.0
r12a7e9b5t.jpg,75,90,180.0
r0a31a2cct.jpg,60,95,75.0
r1567e512t.jpg,55,50,156.0
r0bdc7894t.jpg,85,50,155.0
r18302db2t.jpg,90,80,290.0
r0e5dfc8et.jpg,95,100,54.0
r08b41f18t.jpg,55,80,189.0
r12133015t.jpg,95,60,572.0
r162b2209t.jpg,70,50,325.0
r0833f646t.jpg,75,100,594.0
r17b2f789t.jpg,75,90,720.0
r1e9c8a5dt.jpg,90,65,12.0
r0dd6e8f4t.jpg,95,95,115.0
r0f25b326t.jpg,85,75,99.0
r0417f5e3t.jpg,70,50,192.0
r0b1f92a9t.jpg,50,60,625.0
r00869422t.jpg,50,100,15.0
r1d2bb70at.jpg,95,95,234.0
r0af5a8cct.jpg,100,90,112.0
r101eab0dt.jpg,95,95,285.0
r0282ca06t.jpg,95,60,240.0
r05d35656t.jpg,50,60,88.0
r155fe1fat.jpg,60,55,170.0
r1328ee94t.jpg,65,90,540.0
r1d1445b6t.jpg,95,85,116.0
r1f1a3258t.jpg,85,70,28.0
r1e79c6f9t.jpg,80,55,96.0
r0a72568ct.jpg,55,80,465.0
r1e251abet.jpg,75,60,147.0
r1070b804t.jpg,50,90,147.0
r00d161b7t.jpg,95,70,176.0
r0c486c0at.jpg,95,55,70.0
r0fa22d02t.jpg,95,80,195.0
r10134c59t.jpg,85,100,160.0
r09696ba3t.jpg,55,95,54.0
r1bf7ff83t.jpg,75,65,16.0
r128cc6fbt.jpg,75,50,51.0
r18ce12dct.jpg,95,75,264.0
r0342f22ct.jpg,80,55,280.0
r0777fea4t.jpg,75,60,961.0
r1a1d7e72t.jpg,75,65,228.0
r08b04f65t.jpg,90,75,114.0
r19be5c05t.jpg,65,50,551.0
r0bf1bbect.jpg,80,55,837.0
r16509308t.jpg,90,75,432.0
r0281b52at.jpg,90,65,204.0
r1a0f5585t.jpg,65,55,224.0
r0b841e5at.jpg,50,90,42.0
r1bc92a89t.jpg,100,55,276.0
r116fa8b7t.jpg,85,85,77.0
r008a2095t.jpg,70,55,24.0
r01c95f68t.jpg,85,65,290.0
r0279b17bt.jpg,60,85,253.0
r164c1e13t.jpg,90,95,84.0
r1e5c27c1t.jpg,65,90,720.0
r046852c1t.jpg,90,70,154.0
r0b735401t.jpg,90,95,504.0
r066358d3t.jpg,80,55,550.0
r1800ab47t.jpg,95,75,306.0
r1a485a99t.jpg,75,90,320.0
r1293f8ect.jpg,80,100,837.0
r09ff1dcet.jpg,60,55,630.0
r1378de81t.jpg,100,50,475.0
r043951a3t.jpg,85,100,176.0
r108ae9b6t.jpg,85,90,80.0
r1af60295t.jpg,65,55,300.0
r06d3ac60t.jpg,95,65,15.0
r188eb234t.jpg,70,85,340.0
r04b4d5aft.jpg,80,90,260.0
r0eea5a7et.jpg,70,55,434.0
r1f20d8b5t.jpg,60,95,224.0
r0408fe9ft.jpg,55,60,550.0
r06743f8ft.jpg,65,85,450.0
r079d086et.jpg,95,70,25.0
r10e36316t.jpg,60,80,644.0
r07cf907dt.jpg,50,100,324.0
r15ab6ac6t.jpg,90,65,108.0
r07cfb432t.jpg,80,50,32.0
r1b17f0f0t.jpg,75,85,126.0
r068812d7t.jpg,70,80,25.0
r02e1abe2t.jpg,90,70,496.0
r09a992e9t.jpg,60,75,187.0
r13493fa3t.jpg,75,55,51.0
r0edb165ft.jpg,60,80,620.0
r101d6690t.jpg,85,80,266.0
r0ab86ea2t.jpg,90,50,12.0
r1f1a9df4t.jpg,65,80,420.0
r14df59fet.jpg,65,75,114.0
r1d79b6e7t.jpg,70,70,448.0
r007f5116t.jpg,55,60,72.0
r0e7b407bt.jpg,95,80,48.0
r04c566a0t.jpg,60,95,48.0
r02b7536at.jpg,100,85,264.0
r00c0995ft.jpg,90,85,350.0
r15f07f9dt.jpg,75,85,552.0
r0108c383t.jpg,65,95,198.0
r0dff226et.jpg,95,90,168.0
r11bf0779t.jpg,55,50,84.0
r1c1fef8ft.jpg,100,80,260.0
r0383e9c3t.jpg,85,60,144.0
r15199ae3t.jpg,100,55,36.0
r1dbef145t.jpg,80,100,240.0
r152d9ff5t.jpg,50,60,120.0
r179ec4e8t.jpg,80,90,440.0
r0e661e0dt.jpg,80,85,48.0
r07d13149t.jpg,75,70,416.0
r1e504ebbt.jpg,75,85,270.0
r0965e155t.jpg,60,70,42.0
r0744a10et.jpg,90,85,105.0
r0d56c1d7t.jpg,65,75,176.0
r092b4511t.jpg,55,65,66.0
r1e7987b3t.jpg,90,80,243.0
r1138e1aft.jpg,95,55,135.0
r03ed2669t.jpg,95,85,682.0
r1a07dd25t.jpg,95,70,546.0
r0f22c43ct.jpg,75,95,18.0
r1a711e27t.jpg,50,60,238.0
r00a940e1t.jpg,55,65,6.0
r1ee6f90et.jpg,80,65,114.0
r12cebbd2t.jpg,50,70,108.0
r04a210b3t.jpg,65,100,540.0
r05f3bc6ct.jpg,75,70,36.0
r191f3cdet.jpg,55,50,60.0
r1c028de8t.jpg,50,65,252.0
r1d53fccat.jpg,100,95,625.0
r17ad56act.jpg,100,60,364.0
r189be0d8t.jpg,100,70,868.0
r18d9feeat.jpg,75,85,322.0
r1bf00696t.jpg,100,75,546.0
r1602555bt.jpg,80,80,80.0
r08ac875ct.jpg,80,70,160.0
r0d89edd8t.jpg,80,95,144.0
r13928401t.jpg,90,100,63.0
r18990432t.jpg,60,50,184.0
r1db351a2t.jpg,80,95,240.0
r14f241e4t.jpg,60,80,176.0
r1aa53167t.jpg,90,85,456.0
r066b256at.jpg,75,95,161.0
r14586c63t.jpg,75,85,600.0
r0cbdc6f8t.jpg,55,100,240.0
r07db8a54t.jpg,60,60,180.0
r1eaa5d42t.jpg,75,70,93.0
r07d5eb94t.jpg,55,60,242.0
r06c4bcb9t.jpg,100,95,40.0
r1a499b96t.jpg,65,100,248.0
r17d11b3at.jpg,50,70,286.0
r181dd93dt.jpg,90,100,90.0
r16144fa2t.jpg,55,90,476.0
r1a020c3ft.jpg,55,70,744.0
r035ef2c2t.jpg,65,50,504.0
r1efcf847t.jpg,100,75,36.0
r04eda41ct.jpg,75,80,56.0
r10a207det.jpg,60,85,837.0
r057282fet.jpg,50,75,252.0
r1c6b4a23t.jpg,90,90,841.0
r098cf7aet.jpg,80,60,930.0
r0341853dt.jpg,55,80,72.0
r097088c1t.jpg,60,80,266.0
r03b0c944t.jpg,70,70,120.0
r00617aa1t.jpg,90,90,76.0
r1c24a571t.jpg,70,95,308.0
r11a5b93dt.jpg,65,80,150.0
r123c6433t.jpg,60,90,238.0
r181d64eat.jpg,95,80,160.0
r09efa609t.jpg,60,55,78.0
r1c4d4720t.jpg,65,50,117.0
r11aa1ee3t.jpg,50,95,60.0
r02f9f53et.jpg,55,75,152.0
r13934dc7t.jpg,55,65,600.0
r12c1798bt.jpg,50,60,609.0
r128dfb38t.jpg,80,50,56.0
r09579ff2t.jpg,85,85,54.0
r126a22b8t.jpg,65,75,720.0
r1db61cf8t.jpg,60,75,406.0
r1f446078t.jpg,75,90,22.0
r15f16465t.jpg,95,50,144.0
r01b6aed6t.jpg,55,90,72.0
r15c91802t.jpg,50,55,522.0
r00879054t.jpg,95,55,540.0
r1ca5a385t.jpg,50,90,104.0
r0d1dd61ft.jpg,80,95,589.0
r0f24ca4dt.jpg,55,50,342.0
r12a97b08t.jpg,85,100,648.0
r07dba73ft.jpg,90,65,434.0
r1c4e6a62t.jpg,85,80,150.0
r17fe8532t.jpg,90,75,408.0
r04c11390t.jpg,70,90,238.0
r03bf5648t.jpg,65,60,120.0
r1a60a2bdt.jpg,75,50,110.0
r0b6e4254t.jpg,80,80,812.0
r1e8e493ct.jpg,70,80,84.0
r14a595b6t.jpg,50,70,240.0
r1565a7e7t.jpg,55,90,240.0
r13ae7d1et.jpg,100,55,135.0
r04b8473dt.jpg,85,90,45.0
r1986e42bt.jpg,55,85,336.0
r19d72b0ct.jpg,85,60,57.0
r0f3569c0t.jpg,55,65,255.0
r127d47e0t.jpg,95,80,21.0
r1cb7084et.jpg,95,95,930.0
r005f3e70t.jpg,70,95,360.0
r0465565ct.jpg,95,65,152.0
r1644d874t.jpg,75,60,182.0
r1f06581bt.jpg,85,80,52.0
r06b7849at.jpg,100,100,651.0
r02a0839et.jpg,100,85,155.0
r170b020bt.jpg,100,75,63.0
r002fc3e2t.jpg,90,90,184.0
r10cf67d1t.jpg,70,85,16.0
r0eb7ee5ct.jpg,95,70,496.0
r19d47beft.jpg,80,65,20.0
r0a64ce0bt.jpg,70,90,308.0
r1aa4db16t.jpg,50,70,100.0
r177dd68et.jpg,55,85,528.0
r0d61db4ct.jpg,70,60,459.0
r00b8d4a2t.jpg,95,70,308.0
r13de1e12t.jpg,95,85,176.0
r0f1aef1ft.jpg,65,75,270.0
r19183258t.jpg,85,90,36.0
r045be2act.jpg,60,55,116.0
r12f02af5t.jpg,50,55,112.0
r04172edct.jpg,70,95,216.0
r1e698e5dt.jpg,95,75,120.0
r038422cft.jpg,70,80,375.0
r1297fd0bt.jpg,75,55,527.0
r0c7fcc38t.jpg,100,85,540.0
r1d6e15d3t.jpg,95,75,220.0
r0372042dt.jpg,50,70,40.0
r150b1b51t.jpg,60,90,100.0
r10f2ac48t.jpg,75,95,156.0
r16113cc8t.jpg,60,75,459.0
r1ef16e0dt.jpg,75,90,319.0
r0ea0825ft.jpg,95,95,322.0
r01b3f004t.jpg,80,80,90.0
r10c5fc29t.jpg,100,80,312.0
r0a2e85f0t.jpg,100,100,176.0
r1b1c1019t.jpg,100,70,133.0
r1a343192t.jpg,95,70,150.0
r033daaa0t.jpg,65,100,551.0
r0ff7a848t.jpg,75,85,220.0
r1b57dbb2t.jpg,80,65,72.0
r00444b95t.jpg,60,50,204.0
r056f233bt.jpg,60,100,288.0
r0287344at.jpg,90,85,20.0
r0f91c753t.jpg,80,65,187.0
r10a9ca2at.jpg,55,75,91.0
r138ceafbt.jpg,55,95,450.0
r1694427et.jpg,65,55,552.0
r0a8b59bbt.jpg,60,60,136.0
r181768b7t.jpg,70,55,132.0
r1db2847et.jpg,95,50,725.0
r07e1e8cbt.jpg,60,60,567.0
r15efd876t.jpg,85,100,80.0
r13e56300t.jpg,55,90,120.0
r246b46f6t.jpg,60,85,312.0
r28360ddbt.jpg,50,70,60.0
r2a94cf55t.jpg,70,80,399.0
r361ec5eft.jpg,55,75,180.0
r259c8a98t.jpg,100,70,961.0
r3a7d0346t.jpg,95,95,754.0
r3e6b76e1t.jpg,60,70,310.0
r2219942at.jpg,100,85,112.0
r2af84453t.jpg,50,50,196.0
r39bf973ct.jpg,90,60,275.0
r372fd787t.jpg,55,65,126.0
r2303922at.jpg,95,80,784.0
r31aff270t.jpg,100,85,408.0
r2e7f06f3t.jpg,85,55,406.0
r35ddb730t.jpg,60,55,24.0
r2c9643f4t.jpg,85,95,54.0
r20e496c8t.jpg,90,80,33.0
r35b4e299t.jpg,90,50,378.0
r36643faft.jpg,65,60,117.0
r310f74f4t.jpg,70,90,221.0
r231f7506t.jpg,55,100,130.0
r3b915bf4t.jpg,100,70,391.0
r2668c5edt.jpg,95,85,702.0
r3010d0bft.jpg,80,65,169.0
r310b356ft.jpg,55,60,272.0
r3bb39d9at.jpg,100,65,72.0
r279a20cet.jpg,65,55,513.0
r3463f166t.jpg,100,80,60.0
r21b1a3f5t.jpg,50,70,450.0
r2f4d3519t.jpg,60,80,224.0
r28ebc1cct.jpg,65,65,16.0
r23639ec3t.jpg,80,60,180.0
r307efc85t.jpg,70,55,30.0
r3ba60404t.jpg,70,60,35.0
r2c73af31t.jpg,50,90,140.0
r39ee6c8bt.jpg,65,100,700.0
r20ac45eet.jpg,50,85,330.0
r33796bcat.jpg,100,70,52.0
r260e7f93t.jpg,85,100,280.0
r2b127f8et.jpg,55,55,575.0
r21daa2f4t.jpg,70,70,580.0
r3204238bt.jpg,60,75,75.0
r22ff2c23t.jpg,95,90,546.0
r25f5c441t.jpg,85,60,506.0
r2f1b4c86t.jpg,60,85,195.0
r28521d53t.jpg,75,80,420.0
r26d5bcc0t.jpg,50,55,220.0
r2a51f893t.jpg,50,50,384.0
r27799eaet.jpg,95,75,100.0
r3b3ad330t.jpg,100,80,357.0
r21495154t.jpg,100,60,416.0
r35d81a5at.jpg,95,85,36.0
r2e9cea6ft.jpg,75,100,120.0
r2ab88c5dt.jpg,70,60,378.0
r2262c552t.jpg,75,85,638.0
r3c6f5fe0t.jpg,70,65,225.0
r27951744t.jpg,60,65,270.0
r3335cb09t.jpg,55,80,170.0
r31a724d3t.jpg,65,50,240.0
r29537829t.jpg,50,50,180.0
r306fd0dft.jpg,65,85,204.0
r360eae95t.jpg,55,70,20.0
r300ceac4t.jpg,100,100,456.0
r28fbafb2t.jpg,85,85,30.0
r302cab06t.jpg,55,80,96.0
r26241ddat.jpg,80,50,532.0
r3602d116t.jpg,55,90,264.0
r2315cf8bt.jpg,70,100,66.0
r2644d445t.jpg,70,70,95.0
r230203f6t.jpg,65,95,33.0
r3bacc1d2t.jpg,95,70,468.0
r32fdda5et.jpg,75,50,150.0
r3cada4c7t.jpg,100,95,180.0
r2c82cfe4t.jpg,50,50,84.0
r2508b327t.jpg,90,60,104.0
r2071eba5t.jpg,70,80,342.0
r20abcc53t.jpg,95,90,84.0
r28918b22t.jpg,100,80,120.0
r28f7d8d8t.jpg,65,60,35.0
r3cd63d91t.jpg,50,90,70.0
r2b55f84at.jpg,85,95,868.0
r3ad791bct.jpg,80,70,324.0
r2d4c3abet.jpg,60,75,232.0
r320e9e4at.jpg,85,65,783.0
r35f565f8t.jpg,95,60,230.0
r2ee4f7fat.jpg,50,80,64.0
r23b653b7t.jpg,70,60,85.0
r21086258t.jpg,60,50,114.0
r2ca328ebt.jpg,95,85,308.0
r3454a336t.jpg,100,60,690.0
r386fd4cft.jpg,80,95,144.0
r28fffe77t.jpg,50,60,360.0
r2e03268bt.jpg,50,55,522.0
r395c4635t.jpg,55,55,126.0
r2cb2111ct.jpg,50,75,40.0
r373a09a3t.jpg,50,95,406.0
r21fc4292t.jpg,75,65,594.0
r3e74ac90t.jpg,65,85,231.0
r2380441ct.jpg,100,55,525.0
r2c33212et.jpg,95,90,57.0
r33ef01dft.jpg,75,70,280.0
r258b450ct.jpg,80,65,225.0
r3c23d011t.jpg,95,80,84.0
r23141e98t.jpg,75,95,46.0
r31d952b2t.jpg,70,85,12.0
r385ac3e7t.jpg,55,90,304.0
r25cd268et.jpg,85,70,392.0
r387675a6t.jpg,75,85,18.0
r33885509t.jpg,60,75,312.0
r2806fdfet.jpg,60,75,156.0
r26c98404t.jpg,50,60,260.0
r33339ecbt.jpg,75,80,360.0
r29f13190t.jpg,55,100,494.0
r23894467t.jpg,95,80,198.0
r272fba5ft.jpg,80,55,98.0
r244a0ebet.jpg,65,95,108.0
r22390fe3t.jpg,90,55,162.0
r2ca89be8t.jpg,90,80,414.0
r2203b805t.jpg,70,50,92.0
r3784655ct.jpg,100,85,729.0
r1fdae952t.jpg,95,75,651.0
r2b5d2312t.jpg,95,60,140.0
r3c7ffa55t.jpg,90,65,224.0
r2507b345t.jpg,100,75,504.0
r356eaf61t.jpg,80,65,500.0
r31d1de50t.jpg,100,60,116.0
r2e11e2d5t.jpg,95,80,322.0
r2be27c44t.jpg,95,70,92.0
r281b1860t.jpg,95,90,112.0
r39a7c4e5t.jpg,90,55,192.0
r3ba931det.jpg,100,50,390.0
r3e6473ect.jpg,85,75,600.0
r35395771t.jpg,55,85,616.0
r35324699t.jpg,55,60,204.0
r286da035t.jpg,55,80,392.0
r2837e58ft.jpg,60,85,651.0
r2d3e75a0t.jpg,90,95,15.0
r2df94073t.jpg,70,75,32.0
r2602f0d6t.jpg,75,50,114.0
r30a07797t.jpg,90,80,504.0
r229fa722t.jpg,75,60,80.0
r2e7a8e96t.jpg,90,65,98.0
r1fad2bd1t.jpg,50,75,231.0
r39dcb362t.jpg,100,75,20.0
r3e1a14f0t.jpg,60,95,744.0
r208171bet.jpg,65,55,150.0
r2bf74d08t.jpg,95,55,87.0
r23e32bdct.jpg,60,75,169.0
r373f2e19t.jpg,70,80,775.0
r2287b54ft.jpg,100,70,143.0
r3bd0bcd9t.jpg,90,50,10.0
r27478470t.jpg,50,70,70.0
r3da61db8t.jpg,55,60,76.0
r3b6e88e0t.jpg,90,50,220.0
r3ce4f9b3t.jpg,75,55,450.0
r2876c6c7t.jpg,75,80,121.0
r2693be14t.jpg,100,55,207.0
r355a1c3dt.jpg,60,60,144.0
r235b0b7ft.jpg,85,75,416.0
r28b11a3ft.jpg,100,60,210.0
r33b9ad67t.jpg,55,65,21.0
r21b7dd1et.jpg,90,80,754.0
r2d0f19c7t.jpg,55,60,234.0
r3ca056c2t.jpg,75,80,68.0
r1f7d6fdft.jpg,90,70,165.0
r3d1cb2e6t.jpg,95,70,108.0
r39509770t.jpg,100,60,580.0
r3dbfdd59t.jpg,75,90,108.0
r22cdd7ddt.jpg,80,85,240.0
r20b6fae6t.jpg,90,100,575.0
r25578cd5t.jpg,50,80,286.0
r2cda2dc2t.jpg,70,90,240.0
r34b91c89t.jpg,60,95,441.0
r2a0083ect.jpg,100,60,625.0
r3aa0e892t.jpg,100,50,340.0
r1fd92726t.jpg,90,85,48.0
r3c20c81dt.jpg,90,95,240.0
r3513ece8t.jpg,95,75,28.0
r39c7b9fft.jpg,50,100,60.0
r2412f5a3t.jpg,75,50,160.0
r33d0c750t.jpg,100,95,330.0
r2d6124ebt.jpg,80,60,160.0
r2e116087t.jpg,85,95,290.0
r3db901d3t.jpg,55,50,312.0
r292177dft.jpg,95,75,66.0
r2a4b5c29t.jpg,95,85,324.0
r224b8509t.jpg,90,95,310.0
r32dadc06t.jpg,100,70,105.0
r30a41718t.jpg,100,80,270.0
r217c0934t.jpg,100,70,440.0
r2c8a1abat.jpg,50,50,120.0
r2658351bt.jpg,100,90,162.0
r2f92ccf7t.jpg,70,50,57.0
r2e7323b9t.jpg,80,65,486.0
r22e7097ct.jpg,95,95,336.0
r3641d39dt.jpg,50,70,14.0
r20bec608t.jpg,70,100,728.0
r21fe3c41t.jpg,65,95,40.0
r355e3f8at.jpg,65,75,360.0
r2bc027b3t.jpg,90,60,493.0
r3969ca7bt.jpg,50,50,147.0
r2b1b8a55t.jpg,65,50,252.0
r37267d0bt.jpg,90,90,36.0
r3c268be7t.jpg,90,90,93.0
r21548a0at.jpg,75,65,713.0
r3709c433t.jpg,95,75,725.0
r31a64a5ft.jpg,100,70,42.0
r36c7ecc6t.jpg,75,75,154.0
r2543ceaat.jpg,65,95,702.0
r281c8184t.jpg,95,85,120.0
r312ef1dbt.jpg,60,80,540.0
r2caa719ct.jpg,90,85,396.0
r27b1a786t.jpg,100,100,660.0
r20d85ffat.jpg,70,100,140.0
r20780518t.jpg,75,100,552.0
r32b71d0at.jpg,55,100,42.0
r36610622t.jpg,100,85,22.0
r3a7361c0t.jpg,70,55,238.0
r2dc3148ft.jpg,95,50,72.0
r320f56f1t.jpg,85,55,345.0
r263e934ft.jpg,60,90,66.0
r37e9c251t.jpg,65,80,114.0
r242bfc98t.jpg,70,100,638.0
r3ac3042ft.jpg,80,75,36.0
r388ede2at.jpg,65,85,52.0
r3135cb14t.jpg,75,80,52.0
r3a460032t.jpg,95,75,330.0
r22da94f6t.jpg,65,95,203.0
r3092a7e7t.jpg,85,85,204.0
r2c2a2211t.jpg,55,95,80.0
r37798f5bt.jpg,65,90,16.0
r2a055e9ft.jpg,60,60,540.0
r25ad3dfct.jpg,55,90,756.0
r38e9709et.jpg,50,60,392.0
r3746860ft.jpg,100,85,161.0
r264e0d75t.jpg,85,80,600.0
r26929719t.jpg,80,55,21.0
r2a271d84t.jpg,85,85,20.0
r1fbe2f54t.jpg,90,85,459.0
r3ae47fdat.jpg,55,75,288.0
r38d3b080t.jpg,80,70,144.0
r1fdd1320t.jpg,60,75,120.0
r20c282ddt.jpg,90,75,560.0
r2a94d504t.jpg,85,55,396.0
r35760737t.jpg,80,75,460.0
r24c19ce2t.jpg,75,80,156.0
r26671db2t.jpg,90,95,368.0
r25d7d612t.jpg,85,75,120.0
r27508a5bt.jpg,75,55,120.0
r2dc4a535t.jpg,100,90,240.0
r3275c6c5t.jpg,60,50,572.0
r25dd5b10t.jpg,95,100,243.0
r316a21b9t.jpg,60,80,154.0
r2bd2b5abt.jpg,60,90,522.0
r310adaabt.jpg,80,55,180.0
r381e069ct.jpg,90,75,440.0
r32457827t.jpg,60,55,868.0
r2408ba1at.jpg,55,50,154.0
r2b333244t.jpg,70,80,210.0
r26e946c5t.jpg,95,50,294.0
r384c656ft.jpg,75,80,240.0
r2d710c97t.jpg,50,90,532.0
r396368bat.jpg,100,70,390.0
r243bf26bt.jpg,60,80,161.0
r3e0b787at.jpg,95,60,220.0
r35aaa1e3t.jpg,80,70,70.0
r2115038at.jpg,55,80,110.0
r2c2b142bt.jpg,85,85,160.0
r22575308t.jpg,75,100,136.0
r3d6930b4t.jpg,50,95,462.0
r1f644badt.jpg,85,85,364.0
r2e34c254t.jpg,100,80,286.0
r2f2824d4t.jpg,50,70,775.0
r2788a3b0t.jpg,75,80,36.0
r3532148bt.jpg,80,75,567.0
r2829bc13t.jpg,55,60,310.0
r2d39a133t.jpg,60,95,180.0
r334f8379t.jpg,60,65,9.0
r3793d52bt.jpg,85,95,558.0
r2daa8ce0t.jpg,55,80,38.0
r30ff3619t.jpg,95,95,275.0
r34936caet.jpg,55,65,408.0
r28bac591t.jpg,55,65,312.0
r3cca5cfet.jpg,60,90,256.0
r22994ccet.jpg,60,65,510.0
r3222226et.jpg,95,55,552.0
r3afdd207t.jpg,55,80,155.0
r209f6d4at.jpg,70,95,750.0
r36b61c23t.jpg,85,85,130.0
r21d6c5cct.jpg,100,80,80.0
r244acef7t.jpg,100,50,729.0
r2068a9f5t.jpg,95,100,396.0
r3745ac7ft.jpg,80,50,255.0
r2c0ebd18t.jpg,50,65,260.0
r208f8ca5t.jpg,65,85,39.0
r39079a9at.jpg,65,65,10.0
r2f92913ft.jpg,90,65,234.0
r36f82b23t.jpg,75,65,621.0
r268c3b3ft.jpg,85,75,336.0
r2f058fe2t.jpg,85,100,42.0
r38787043t.jpg,55,70,135.0
r294555c6t.jpg,80,100,299.0
r36b2f88at.jpg,90,100,24.0
r2743a126t.jpg,65,85,609.0
r34eadc30t.jpg,90,65,136.0
r2ac5d974t.jpg,60,100,72.0
r38d4892ct.jpg,85,55,377.0
r2d5acd8ct.jpg,65,70,351.0
r20dd733et.jpg,60,50,93.0
r38fc9a71t.jpg,50,60,361.0
r376cd0c9t.jpg,90,50,140.0
r2d4d9861t.jpg,70,70,176.0
r2635711at.jpg,50,95,45.0
r33752711t.jpg,60,100,56.0
r2604e4bat.jpg,65,100,630.0
r1f6ffad4t.jpg,70,90,483.0
r3d0b0c40t.jpg,50,70,374.0
r3387b178t.jpg,50,100,34.0
r3a08b997t.jpg,75,55,868.0
r27ed37d8t.jpg,90,80,352.0
r23a486fct.jpg,85,65,60.0
r2a230e5ct.jpg,75,95,120.0
r30905f49t.jpg,75,75,21.0
r272912d8t.jpg,95,75,110.0
r2e26ecd5t.jpg,50,95,72.0
r33780641t.jpg,100,75,120.0
r3b02e99ct.jpg,55,90,55.0
r210198f8t.jpg,95,50,319.0
r3069846et.jpg,70,75,468.0
r353449e8t.jpg,65,75,21.0
r2327ba45t.jpg,75,100,322.0
r29e0745dt.jpg,80,55,238.0
r27982a93t.jpg,55,55,520.0
r38237796t.jpg,50,75,42.0
r31324e86t.jpg,100,75,99.0
r335177e4t.jpg,60,95,56.0
r2511859et.jpg,65,50,297.0
r33bc2a7at.jpg,85,90,432.0
r2a759044t.jpg,90,55,210.0
r26874502t.jpg,70,60,341.0
r2bb2bb8at.jpg,90,60,112.0
r3aa91f53t.jpg,60,90,24.0
r27aa0d61t.jpg,100,55,368.0
r2c82a83bt.jpg,50,90,360.0
r28718aact.jpg,65,85,200.0
r259ed278t.jpg,90,80,230.0
r281a50c2t.jpg,75,95,60.0
r212e58e0t.jpg,65,55,76.0
r34ca24fct.jpg,65,75,275.0
r20d52f7at.jpg,60,100,78.0
r311bf707t.jpg,80,60,92.0
r30117281t.jpg,50,95,368.0
r3b769477t.jpg,65,80,589.0
r3113628bt.jpg,70,75,551.0
r3dc8bde1t.jpg,60,95,16.0
r3057cab6t.jpg,85,100,75.0
r3da555a7t.jpg,85,70,513.0
r26edf3b0t.jpg,90,95,196.0
r21d82535t.jpg,90,55,16.0
r3d22cdf3t.jpg,90,80,720.0
r3d2fe1e1t.jpg,75,95,165.0
r2ed8d6fbt.jpg,90,60,115.0
r2eb46829t.jpg,95,75,24.0
r26a43374t.jpg,70,55,180.0
r2d536620t.jpg,65,80,270.0
r38f98ea6t.jpg,80,70,540.0
r2efe1caet.jpg,90,65,806.0
r3ce6407ct.jpg,100,95,80.0
r2ee94aa6t.jpg,55,55,174.0
r2e7686c6t.jpg,70,60,75.0
r3c7e88b5t.jpg,65,100,69.0
r3ab1cb3at.jpg,65,90,58.0
r2d263709t.jpg,55,55,154.0
r30c2f54ct.jpg,95,60,527.0
r24d3de0at.jpg,75,50,90.0
r3be1786et.jpg,100,60,35.0
r24815973t.jpg,70,65,24.0
r33d823e0t.jpg,90,100,228.0
r36ce4731t.jpg,65,65,62.0
r3cac01f7t.jpg,70,85,144.0
r3db762d7t.jpg,65,75,506.0
r2a90299ct.jpg,100,100,392.0
r2e2262dbt.jpg,85,70,483.0
r3564f5fbt.jpg,55,65,480.0
r27d117e6t.jpg,50,100,360.0
r28c65102t.jpg,85,60,330.0
r2df3ff13t.jpg,80,55,552.0
r204d3bd5t.jpg,55,75,108.0
r2f686f2ct.jpg,60,95,116.0
r1fe5f2cdt.jpg,60,100,120.0
r3d2777d0t.jpg,65,75,116.0
r244faa40t.jpg,80,75,338.0
r2bf05907t.jpg,80,50,594.0
r224c0bedt.jpg,85,80,174.0
r3789b270t.jpg,80,50,308.0
r36156887t.jpg,60,55,156.0
r34455ddbt.jpg,100,80,391.0
r20ced612t.jpg,90,75,155.0
r3e62a376t.jpg,75,70,55.0
r3b0926a7t.jpg,65,65,145.0
r3d091dc0t.jpg,75,75,744.0
r3ba3330at.jpg,95,95,418.0
r3c21262bt.jpg,100,50,176.0
r36629bf8t.jpg,95,75,120.0
r377184d6t.jpg,100,50,90.0
r20d0f252t.jpg,50,95,400.0
r2f5b10a9t.jpg,95,75,75.0
r280500d8t.jpg,80,60,204.0
r23cdff82t.jpg,55,100,224.0
r22a8c585t.jpg,50,65,85.0
r2f75c08at.jpg,85,65,130.0
r20b7068bt.jpg,85,65,341.0
r3a243268t.jpg,65,65,126.0
r3353d7adt.jpg,75,50,700.0
r251c47b1t.jpg,75,60,273.0
r27b1c751t.jpg,70,90,528.0
r2f1cf2e0t.jpg,80,90,200.0
r2b54558ft.jpg,60,95,702.0
r2c9d6cb7t.jpg,70,80,160.0
r2464f647t.jpg,60,75,132.0
r33c35d80t.jpg,65,95,572.0
r37896b3ct.jpg,55,95,72.0
r291ae239t.jpg,90,50,72.0
r3191657bt.jpg,90,60,95.0
r356f0916t.jpg,85,100,72.0
r3027af7bt.jpg,95,65,232.0
r3c7fbfb4t.jpg,80,60,44.0
r3038170at.jpg,60,50,638.0
r3a79775ft.jpg,90,90,275.0
r32981d7bt.jpg,90,55,45.0
r2d3a1d3ct.jpg,95,65,280.0
r280b34e9t.jpg,85,95,168.0
r206fef9ct.jpg,55,50,18.0
r2ed19b5dt.jpg,50,80,522.0
r3412c9bat.jpg,55,55,70.0
r32abf1cct.jpg,80,75,36.0
r2eea67e2t.jpg,80,55,961.0
r1ffa9ee3t.jpg,65,70,4.0
r381b33f9t.jpg,85,70,435.0
r32f112a9t.jpg,85,70,56.0
r36b4a33dt.jpg,80,90,184.0
r30437e5at.jpg,100,55,120.0
r2ebf5185t.jpg,95,75,700.0
r3e1b14det.jpg,80,80,270.0
r2e8176c4t.jpg,100,100,56.0
r3a3ade8at.jpg,65,90,348.0
r3201c080t.jpg,100,95,52.0
r2d667896t.jpg,85,100,209.0
r2b7a60e4t.jpg,60,90,48.0
r3758e30dt.jpg,50,80,52.0
r2fa08cf6t.jpg,90,80,220.0
r38cbd237t.jpg,95,85,192.0
r205b2c9at.jpg,100,55,44.0
r33dddfcbt.jpg,75,90,390.0
r373244ect.jpg,75,90,660.0
r22643310t.jpg,80,85,476.0
r2d588ad7t.jpg,95,55,288.0
r289dae8dt.jpg,100,50,364.0
r30590a21t.jpg,65,80,289.0
r3644d097t.jpg,50,70,35.0
r2bba8466t.jpg,75,70,189.0
r215ca2a5t.jpg,80,55,345.0
r263492c3t.jpg,65,90,189.0
r3a38cec4t.jpg,100,65,121.0
r3333cbf6t.jpg,65,75,560.0
r2c63a61at.jpg,65,85,572.0
r2e4224bat.jpg,60,95,456.0
r2494dc54t.jpg,85,55,210.0
r3882d629t.jpg,95,85,399.0
r2a618e9dt.jpg,90,85,294.0
r26898174t.jpg,50,85,210.0
r307d41fct.jpg,100,90,392.0
r2477f9c6t.jpg,95,80,8.0
r37a15891t.jpg,100,75,580.0
r32a8224ft.jpg,65,60,837.0
r36480ba8t.jpg,100,80,638.0
r251e0ffet.jpg,80,75,175.0
r301f9279t.jpg,70,50,117.0
r3945d926t.jpg,65,100,112.0
r21ccb830t.jpg,85,95,33.0
r3cc56786t.jpg,95,50,130.0
r1f83db2at.jpg,60,55,117.0
r29de6aa8t.jpg,100,80,21.0
r380f8bcet.jpg,65,75,63.0
r2d6ba560t.jpg,50,65,102.0
r2c4431b3t.jpg,95,55,80.0
r29475139t.jpg,60,50,754.0
r1ff64b21t.jpg,70,90,44.0
r2ae4bf59t.jpg,55,60,275.0
r30924a9ct.jpg,90,55,90.0
r32ddd625t.jpg,55,95,513.0
r27bcd786t.jpg,85,75,460.0
r3937390dt.jpg,55,65,465.0
r2688eaf6t.jpg,70,65,21.0
r348f31a8t.jpg,90,90,93.0
r2d0cf075t.jpg,50,100,261.0
r2834171bt.jpg,70,65,72.0
r3e81575bt.jpg,85,80,15.0
r37e0a08dt.jpg,65,100,408.0
r22fa37aft.jpg,60,85,465.0
r373d5f78t.jpg,85,65,124.0
r24676146t.jpg,80,80,203.0
r39f8ba75t.jpg,80,50,330.0
r2e7f006et.jpg,100,75,48.0
r28167d3ct.jpg,50,55,150.0
r3127999bt.jpg,75,50,391.0
r2b620591t.jpg,75,50,600.0
r37ad5c31t.jpg,65,70,76.0
r3bc4834at.jpg,55,75,368.0
r3724e50ct.jpg,85,75,60.0
r266eb511t.jpg,55,90,36.0
r2d5e7a41t.jpg,100,100,728.0
r3bc3e669t.jpg,90,75,323.0
r34349a5et.jpg,100,50,812.0
r2803bf36t.jpg,50,55,378.0
r355a0685t.jpg,80,70,15.0
r348c79ddt.jpg,85,75,153.0
r36f4186ft.jpg,100,80,162.0
r30109005t.jpg,50,50,108.0
r302d6708t.jpg,60,75,378.0
r2a9ca01ct.jpg,95,55,390.0
r3378d41et.jpg,90,55,580.0
r35ffd4dft.jpg,55,70,196.0
r24acf7c0t.jpg,95,90,90.0
r35b19f87t.jpg,55,75,130.0
r3b9214dat.jpg,85,55,198.0
r39903169t.jpg,50,90,230.0
r227e3ae5t.jpg,75,90,100.0
r25d0e01ft.jpg,65,50,414.0
r2aef9f7bt.jpg,90,75,12.0
r34ab49c5t.jpg,65,65,132.0
r36a87720t.jpg,75,80,24.0
r21a8608et.jpg,100,50,170.0
r22051ba5t.jpg,65,95,144.0
r3b8c002dt.jpg,65,65,810.0
r209d3c4ft.jpg,65,85,125.0
r3c53386ct.jpg,85,80,150.0
r255fb282t.jpg,100,60,405.0
r2ebbb5fdt.jpg,65,55,147.0
r207f2141t.jpg,50,95,486.0
r25c46909t.jpg,85,60,105.0
r215900f0t.jpg,50,70,130.0
r359eca3ft.jpg,75,80,744.0
r3829a53dt.jpg,65,70,50.0
r22b6c59et.jpg,50,70,42.0
r3a3b085bt.jpg,90,55,198.0
r2e3e167et.jpg,100,90,900.0
r21e7773at.jpg,85,100,242.0
r347b071et.jpg,60,75,60.0
r38d9e869t.jpg,80,70,432.0
r2435fe74t.jpg,85,50,14.0
r3a14124ft.jpg,100,100,84.0
r3147f5d3t.jpg,65,65,180.0
r3c2f9699t.jpg,50,85,36.0
r389a8c6ft.jpg,80,80,203.0
r333b445dt.jpg,50,65,930.0
r32cd478dt.jpg,50,85,450.0
r319a7848t.jpg,55,85,403.0
r3b42789et.jpg,55,95,275.0
r343f1bb5t.jpg,75,60,180.0
r285d6a3ct.jpg,95,60,810.0
r327c45a4t.jpg,70,60,21.0
r35094f21t.jpg,60,70,837.0
r23beab04t.jpg,90,85,486.0
r39ee102et.jpg,70,100,162.0
r30000ff3t.jpg,80,65,180.0
r22c757b6t.jpg,80,70,153.0
r3cc76637t.jpg,70,60,558.0
r3641d425t.jpg,50,75,403.0
r2caaccd9t.jpg,85,65,238.0
r3898a80et.jpg,100,50,80.0
r3ab4c2d7t.jpg,100,80,660.0
r2df2ba94t.jpg,75,50,364.0
r27f85cc9t.jpg,55,65,528.0
r37304b20t.jpg,50,60,110.0
r37afc519t.jpg,70,70,357.0
r3647a976t.jpg,55,95,171.0
r35552bcbt.jpg,80,80,750.0
r2c2f5962t.jpg,85,50,192.0
r2a5791f7t.jpg,100,95,319.0
r245d704at.jpg,60,50,24.0
r30ffd9c8t.jpg,55,80,162.0
r3964a667t.jpg,50,90,30.0
r389a93a8t.jpg,70,75,32.0
r2de05e8bt.jpg,70,70,567.0
r2a108a9ft.jpg,90,100,650.0
r3e1c1f97t.jpg,95,65,306.0
r2a8a7a02t.jpg,65,90,299.0
r3b3c9f25t.jpg,80,60,192.0
r3a2a9994t.jpg,75,85,90.0
r27c26492t.jpg,60,90,98.0
r2b3ea211t.jpg,100,95,217.0
r24d00ad1t.jpg,95,60,10.0
r2cce5782t.jpg,65,65,64.0
r312b7f0bt.jpg,60,100,480.0
r2204c306t.jpg,95,75,78.0
r2fe77502t.jpg,95,75,276.0
r3e004223t.jpg,50,60,18.0
r3b72c6e5t.jpg,80,95,330.0
r233f3223t.jpg,60,65,24.0
r32929360t.jpg,85,90,348.0
r22a6bf30t.jpg,65,65,676.0
r22470921t.jpg,85,55,648.0
r257b9d89t.jpg,65,70,361.0
r36316032t.jpg,90,75,550.0
r37762f3at.jpg,80,85,84.0
r2642af41t.jpg,100,100,84.0
r27c10102t.jpg,80,100,44.0
r2a90defbt.jpg,55,85,238.0
r33ca9152t.jpg,90,65,42.0
r3ad28e50t.jpg,50,50,510.0
r3be239b6t.jpg,100,60,120.0
r2ab42705t.jpg,75,65,133.0
r2a151e6dt.jpg,100,85,168.0
r2527bc89t.jpg,50,90,372.0
r286398d1t.jpg,60,100,216.0
r2f684315t.jpg,95,70,150.0
r370d59d5t.jpg,90,95,196.0
r26e8e48ct.jpg,80,65,238.0
r267f8e18t.jpg,55,60,294.0
r2e649d96t.jpg,65,90,351.0
r2b29e95et.jpg,65,60,165.0
r2b7c0a7et.jpg,60,100,90.0
r27d60243t.jpg,70,50,100.0
r3aa01d44t.jpg,85,80,84.0
r222ccea2t.jpg,50,80,120.0
r32f78b52t.jpg,100,65,672.0
r30e65186t.jpg,80,100,340.0
r20d50413t.jpg,50,75,135.0
r2f1156f1t.jpg,70,80,483.0
r37e5bfd6t.jpg,65,85,46.0
r3ada382dt.jpg,90,70,182.0
r21b7ba47t.jpg,50,65,448.0
r20a3ad0ct.jpg,55,70,56.0
r36ec84cft.jpg,55,75,100.0
r2254a157t.jpg,75,85,572.0
r25406e65t.jpg,95,75,340.0
r206343bct.jpg,100,100,189.0
r3a4fd27bt.jpg,55,50,39.0
r2c148ca4t.jpg,50,60,76.0
r2894f3f7t.jpg,95,75,255.0
r39846c6ft.jpg,70,50,120.0
r2bc06c06t.jpg,80,100,225.0
r2420c23bt.jpg,55,100,18.0
r2f946edct.jpg,55,70,9.0
r38fcba27t.jpg,50,100,341.0
r33024b82t.jpg,100,55,96.0
r2db944d1t.jpg,100,75,190.0
r22258135t.jpg,50,80,475.0
r306eb1d4t.jpg,80,90,60.0
r2e777e32t.jpg,95,100,81.0
r3c5df3f6t.jpg,50,65,40.0
r3d264ef2t.jpg,100,60,728.0
r38845433t.jpg,85,100,390.0
r26755370t.jpg,65,75,480.0
r304b5d3ct.jpg,65,90,598.0
r2e8b0144t.jpg,70,100,780.0
r35afc21dt.jpg,60,60,36.0
r20e3feb9t.jpg,60,85,323.0
r2888dc4ct.jpg,100,90,494.0
r287e35e9t.jpg,70,85,513.0
r360d431dt.jpg,85,65,24.0
r2b281429t.jpg,60,50,323.0
r235f3de2t.jpg,75,80,52.0
r221acc09t.jpg,70,70,116.0
r3ddebf11t.jpg,85,80,378.0
r3db8802ct.jpg,80,60,276.0
r34cf144ft.jpg,50,50,220.0
r395fa225t.jpg,65,70,32.0
r30014ccat.jpg,90,60,39.0
r323bbaaft.jpg,50,90,24.0
r35207630t.jpg,75,50,84.0
r2d11fddbt.jpg,65,85,77.0
r24ffc739t.jpg,85,95,234.0
r3cf7261et.jpg,85,65,403.0
r2a7c97dat.jpg,100,55,392.0
r26f40f2at.jpg,80,55,390.0
r23ef00bct.jpg,95,90,156.0
r33bd350ft.jpg,95,80,80.0
r30bc6200t.jpg,100,95,290.0
r2f910937t.jpg,60,100,620.0
r36fc0189t.jpg,75,75,527.0
r3615b30dt.jpg,100,50,32.0
r2256108at.jpg,55,85,306.0
r2f10af66t.jpg,90,80,90.0
r3bfdaa33t.jpg,65,50,70.0
r2aad180ft.jpg,100,85,22.0
r2fa417b6t.jpg,50,65,32.0
r2afeb41bt.jpg,95,90,104.0
r2bae9928t.jpg,50,90,104.0
r2bd5a539t.jpg,90,60,108.0
r302a3b3ft.jpg,95,75,180.0
r28175027t.jpg,80,85,403.0
r3a7cf314t.jpg,80,60,288.0
r20450c9ft.jpg,95,95,126.0
r21be3924t.jpg,55,70,900.0
r2a6b25e0t.jpg,100,55,165.0
r2e5fa9e4t.jpg,90,100,98.0
r39a77e8et.jpg,70,65,78.0
r293f58a8t.jpg,100,70,240.0
r34359152t.jpg,90,85,187.0
r27df9f53t.jpg,95,65,168.0
r22ef66d7t.jpg,60,75,176.0
r240bbf6bt.jpg,50,80,77.0
r3d39a48et.jpg,80,60,36.0
r3b8870eet.jpg,50,70,300.0
r2ece0242t.jpg,50,95,126.0
r3bb19fedt.jpg,75,85,648.0
r323f240et.jpg,70,95,120.0
r39fd5422t.jpg,85,100,616.0
r2b2d94b1t.jpg,50,80,266.0
r3375a739t.jpg,100,65,357.0
r2874ea4et.jpg,95,55,221.0
r2d72797bt.jpg,50,75,78.0
r309a82cbt.jpg,60,100,153.0
r343d5a2ft.jpg,50,80,480.0
r3bc09f0ct.jpg,60,70,252.0
r1f9060dct.jpg,55,95,600.0
r2a784373t.jpg,75,60,700.0
r27581da6t.jpg,70,70,56.0
r305570d4t.jpg,55,55,462.0
r214a3ffet.jpg,80,60,161.0
r2c5d0d05t.jpg,80,75,248.0
r3722ae25t.jpg,60,55,38.0
r2eb3894ft.jpg,60,55,493.0
r3b1710dft.jpg,75,50,220.0
r362eb8cft.jpg,50,80,14.0
r23004f1bt.jpg,65,100,20.0
r2b6e297ft.jpg,100,60,100.0
r232d1f20t.jpg,70,75,225.0
r23826069t.jpg,100,100,170.0
r3b64b650t.jpg,70,50,155.0
r3dc383bft.jpg,65,80,203.0
r2936441ft.jpg,70,100,300.0
r3aa2244dt.jpg,65,90,486.0
r2a59ecf5t.jpg,65,70,336.0
r33b3e4e8t.jpg,100,60,374.0
r27de6b7et.jpg,80,100,261.0
r2e2d6e13t.jpg,65,70,170.0
r2d8e5436t.jpg,80,65,230.0
r39db9cbet.jpg,50,95,448.0
r280690d1t.jpg,85,100,198.0
r1fb9f1d3t.jpg,75,55,260.0
r37a67ef2t.jpg,50,65,95.0
r3dd0b8a1t.jpg,80,100,203.0
r23b8ee7ft.jpg,55,55,300.0
r29a5f910t.jpg,55,60,184.0
r31c512a7t.jpg,70,80,80.0
r394647b4t.jpg,80,70,286.0
r257d8983t.jpg,90,50,45.0
r23b44533t.jpg,80,50,196.0
r335d7064t.jpg,55,90,230.0
r24a32ea2t.jpg,80,85,336.0
r3324256ft.jpg,90,60,60.0
r2baddf3et.jpg,65,50,187.0
r2188ccc4t.jpg,80,100,20.0
r2b444bd2t.jpg,55,100,754.0
r38d47de0t.jpg,75,55,125.0
r3979811bt.jpg,90,85,76.0
r3276d32ct.jpg,80,60,42.0
r39a8b2f2t.jpg,75,60,783.0
r3e875138t.jpg,50,50,50.0
r34c58724t.jpg,55,95,190.0
r2cb4e7bet.jpg,50,90,64.0
r27e95abbt.jpg,70,90,90.0
r365f29a9t.jpg,55,95,170.0
r24454e05t.jpg,75,70,76.0
r32d6010ct.jpg,50,85,456.0
r22e74dc7t.jpg,60,90,374.0
r38622e05t.jpg,75,50,161.0
r36f7a056t.jpg,80,85,65.0
r337b44e7t.jpg,80,75,150.0
r2e967484t.jpg,70,85,756.0
r3cf37aeet.jpg,100,65,243.0
r3437c319t.jpg,60,75,64.0
r2a410412t.jpg,80,100,110.0
r23d1f858t.jpg,85,85,36.0
r221dfc60t.jpg,80,50,247.0
r2876a4bdt.jpg,60,60,200.0
r2da9db0ct.jpg,75,70,98.0
r261b4535t.jpg,100,100,25.0
r38762553t.jpg,65,70,253.0
r2841b7c6t.jpg,55,95,69.0
r3e291363t.jpg,50,70,253.0
r2ee70920t.jpg,80,95,527.0
r2afe21b7t.jpg,85,100,420.0
r3bfaf8cbt.jpg,90,60,435.0
r2319e58at.jpg,85,75,500.0
r3b5172ddt.jpg,70,65,286.0
r271bac28t.jpg,75,80,32.0
r36fddaa5t.jpg,50,55,264.0
r39950dfft.jpg,75,60,48.0
r247cead9t.jpg,90,80,234.0
r365fd529t.jpg,60,65,153.0
r28ad7914t.jpg,75,100,150.0
r3782856ct.jpg,100,60,437.0
r312c1c66t.jpg,60,75,72.0
r2c4bd514t.jpg,60,50,600.0
r3b1d6d55t.jpg,95,85,437.0
r3cd4c384t.jpg,70,70,930.0
r2df7adact.jpg,75,95,18.0
r2182877ct.jpg,70,100,308.0
r26305b86t.jpg,95,50,150.0
r33527a24t.jpg,65,75,130.0
r387e73d7t.jpg,85,95,660.0
r2ed9a4c1t.jpg,70,65,208.0
r241b3030t.jpg,85,75,136.0
r28ec0cc3t.jpg,80,70,240.0
r319a7e42t.jpg,60,90,374.0
r2be4f532t.jpg,70,70,60.0
r35aa77bft.jpg,60,65,648.0
r34151d25t.jpg,95,50,192.0
r26c92b02t.jpg,100,80,225.0
r34637198t.jpg,75,95,441.0
r25f53957t.jpg,65,50,480.0
r30d6d9e8t.jpg,55,85,462.0
r2f13af71t.jpg,95,65,480.0
r2d9d9c40t.jpg,55,70,140.0
r285abc6bt.jpg,60,100,52.0
r2458ae26t.jpg,60,70,252.0
r3cf485c9t.jpg,70,80,180.0
r342bad90t.jpg,85,80,406.0
r35a01a3et.jpg,100,85,126.0
r2bb8220et.jpg,75,95,135.0
r290de7d9t.jpg,100,60,675.0
r3d4b674dt.jpg,85,95,228.0
r2bf92b3bt.jpg,85,65,638.0
r3ae3f859t.jpg,70,100,650.0
r20076b1ct.jpg,60,95,90.0
r22c000edt.jpg,55,50,28.0
r39181167t.jpg,70,80,116.0
r37b8d5f6t.jpg,65,95,750.0
r33bf9a4ct.jpg,75,65,154.0
r2ce47c78t.jpg,55,85,425.0
r36db128at.jpg,70,90,168.0
r254ad1cct.jpg,55,90,450.0
r33aa3507t.jpg,50,65,54.0
r29d5acd4t.jpg,85,85,308.0
r2d5130cbt.jpg,80,60,126.0
r3d3e6aect.jpg,75,70,156.0
r3910a007t.jpg,50,60,368.0
r28b47e78t.jpg,90,60,399.0
r3e81937at.jpg,80,75,540.0
r2ce3ea9dt.jpg,50,85,210.0
r29700c0ft.jpg,70,55,260.0
r21c5b1fet.jpg,75,65,700.0
r343d5a8et.jpg,55,75,336.0
r3cc0b3eat.jpg,55,50,243.0
r31f79d9ct.jpg,90,75,84.0
r341d1703t.jpg,70,100,154.0
r2f829447t.jpg,55,75,165.0
r3b638161t.jpg,75,100,414.0
r25f42b16t.jpg,100,50,26.0
r24541de1t.jpg,90,90,114.0
r2c07a32bt.jpg,65,90,300.0
r2bddab98t.jpg,60,75,323.0
r221a6861t.jpg,60,80,48.0
r210c6e53t.jpg,100,90,480.0
r38d1319at.jpg,55,80,154.0
r39feb62bt.jpg,75,50,120.0
r2204f982t.jpg,95,55,240.0
r2db3db79t.jpg,55,100,24.0
r29143ba3t.jpg,70,60,248.0
r2731d673t.jpg,85,85,120.0
r3197ab81t.jpg,100,55,135.0
r2fa39620t.jpg,55,85,198.0
r2f0590eet.jpg,80,60,510.0
r21cffc69t.jpg,90,55,156.0
r2b6c69ebt.jpg,55,100,48.0
r373ae761t.jpg,60,70,432.0
r3a9e3eb2t.jpg,65,80,448.0
r2e2cf078t.jpg,95,65,40.0
r2410fbc3t.jpg,50,90,124.0
r2408c184t.jpg,70,85,36.0
r37567f1dt.jpg,60,85,351.0
r21ea8f3dt.jpg,75,50,220.0
r22c85aact.jpg,50,90,870.0
r2a2aa8d0t.jpg,55,100,312.0
r21694fb0t.jpg,65,100,465.0
r3abb71b4t.jpg,75,75,200.0
r31e6ba60t.jpg,55,80,112.0
r219c718bt.jpg,55,65,648.0
r3e429600t.jpg,55,85,24.0
r3767e64ct.jpg,70,75,90.0
r2fbfa2b4t.jpg,70,60,364.0
r21d39201t.jpg,70,80,209.0
r34a72101t.jpg,100,55,128.0
r3c549892t.jpg,75,70,126.0
r2bc83978t.jpg,90,75,506.0
r26c3ec0ct.jpg,80,85,48.0
r31ea7e09t.jpg,95,80,405.0
r34b69fbdt.jpg,70,50,52.0
r3a599d9ft.jpg,100,100,24.0
r355af32bt.jpg,90,60,18.0
r30f3cce8t.jpg,55,60,624.0
r303e2b8ft.jpg,75,85,42.0
r31cfecect.jpg,100,50,504.0
r3aed3508t.jpg,85,75,220.0
r336aae2at.jpg,55,55,98.0
r36eac74bt.jpg,50,55,176.0
r2b819784t.jpg,60,85,546.0
r36fdf248t.jpg,75,60,341.0
r3e47fc04t.jpg,65,50,210.0
r2e23921at.jpg,65,60,170.0
r22ce45d4t.jpg,95,55,18.0
r214f4f4ct.jpg,100,60,90.0
r23d08a68t.jpg,80,85,620.0
r34cdfe37t.jpg,90,90,96.0
r3c238fbbt.jpg,85,65,899.0
r384813fct.jpg,80,70,286.0
r217309det.jpg,70,80,217.0
r395205f9t.jpg,75,100,42.0
r3491e781t.jpg,65,60,368.0
r2c6e600bt.jpg,100,50,320.0
r3a3fe4b6t.jpg,55,55,120.0
r2ca2505dt.jpg,50,85,90.0
r3725d9ddt.jpg,95,85,207.0
r3419072dt.jpg,50,80,144.0
r39c33636t.jpg,90,95,174.0
r275abf32t.jpg,90,95,128.0
r2d8a4c42t.jpg,100,90,80.0
r250219fct.jpg,95,65,40.0
r34bba3f9t.jpg,75,65,60.0
r3972e5dbt.jpg,55,80,238.0
r22f4b2c9t.jpg,55,90,624.0
r27fc2dbbt.jpg,75,100,121.0
r2119f257t.jpg,50,65,310.0
r360722f4t.jpg,85,50,170.0
r27ca8c36t.jpg,85,55,456.0
r2ab1519at.jpg,85,85,682.0
r25bd2f83t.jpg,90,100,527.0
r3639e3f4t.jpg,55,50,225.0
r31935007t.jpg,90,50,156.0
r2c3e8cf5t.jpg,100,60,63.0
r3ba1827ft.jpg,80,75,558.0
r398952ebt.jpg,85,50,260.0
r2edc54c5t.jpg,80,80,26.0
r25ed3a60t.jpg,70,55,598.0
r2dba464at.jpg,50,75,513.0
r233ca958t.jpg,60,100,68.0
r3c3a30d2t.jpg,80,50,560.0
r38121738t.jpg,70,75,300.0
r37c8fe18t.jpg,85,50,180.0
r37db35d0t.jpg,85,55,50.0
r386e7514t.jpg,75,80,25.0
r23f2406at.jpg,100,65,399.0
r2449c151t.jpg,90,60,120.0
r2261eff5t.jpg,75,75,216.0
r2d16ba52t.jpg,75,100,225.0
r24eb5907t.jpg,90,55,240.0
r2326fa62t.jpg,50,70,8.0
r2916fc7ct.jpg,85,70,322.0
r3ac1b78et.jpg,90,100,690.0
r3578b029t.jpg,65,65,66.0
r2b64d392t.jpg,80,75,75.0
r212c8ba8t.jpg,80,65,720.0
r3164cd99t.jpg,85,80,66.0
r3a6d0551t.jpg,60,60,264.0
r3452748at.jpg,75,100,312.0
r2ffb5a17t.jpg,65,85,217.0
r3c9557d3t.jpg,55,90,494.0
r26e5f504t.jpg,95,60,225.0
r2cf57085t.jpg,85,55,348.0
r25805598t.jpg,85,100,104.0
r2842168et.jpg,90,95,135.0
r29e81c01t.jpg,75,75,144.0
r34f7e663t.jpg,85,95,450.0
r39436d87t.jpg,80,55,120.0
r25dcf511t.jpg,80,90,352.0
r26e8e58dt.jpg,80,65,209.0
r2b7e2808t.jpg,60,80,870.0
r3992c3act.jpg,65,90,464.0
r2ac482act.jpg,55,60,120.0
r3027667at.jpg,80,65,648.0
r29a8a127t.jpg,95,100,9.0
r3b192145t.jpg,75,75,372.0
r3206d2cdt.jpg,100,55,120.0
r319e1687t.jpg,95,65,837.0
r3131263et.jpg,55,95,133.0
r2041f4dbt.jpg,50,65,384.0
r23bf9efdt.jpg,80,80,304.0
r29059f5dt.jpg,90,50,750.0
r28392cb0t.jpg,100,70,378.0
r31407c4ct.jpg,90,65,216.0
r3046e743t.jpg,50,95,240.0
r2979a90bt.jpg,65,55,150.0
r381a88d3t.jpg,60,50,868.0
r27403c48t.jpg,85,90,713.0
r3793daddt.jpg,55,95,252.0
r24dcc781t.jpg,60,50,551.0
r3d67144et.jpg,90,55,46.0
r3128f065t.jpg,100,60,416.0
r28a1f004t.jpg,70,85,145.0
r2a86c2c9t.jpg,50,90,100.0
r2958fda1t.jpg,80,55,78.0
r360d93e1t.jpg,75,65,345.0
r37b01d7dt.jpg,55,70,253.0
r361feefft.jpg,100,95,155.0
r3db9bd34t.jpg,55,55,360.0
r3313540at.jpg,55,85,26.0
